ID,NTA Name,Borough,Total households,Households living alone,Households older then 65y,Tot population,Males,Females,Under 18y,Over 65y ,Hispanic/Latino,White,Black or AfroAmerican,Asian,Population over 16y,Workers 16y and over,Commuting to work by driving,Commuting to work by car pooling,Commuting to work by public transport,Going to work by walk,Working at home,Mean travel time to work,Civilians employed over 16y,Private wage or salary workers,Government workers,Self employers,Unpaid person family workers,Households income less 10000$,Mean households income ,Annual income per capita ,Median earning for workers ,Civilians noninstitutionals with health insurance (private and public),Not covered by health insurance,People which poverty state is determined,geometry
2,Allerton,The Bronx,9419,1891,866,32450,15235,17215,6824,5659,11096,7178,10659,2648,26656,13809,5552,1170,5731,724,441,42.7,14263,11164,2485,572,42,667,78914,24908,36694,28157,2588,30648,POINT (1023161.223346606 254738.7655064315)
3,Annadale,Staten Island,10010,1637,682,28698,14069,14629,5927,4948,2025,25446,145,912,23671,13151,8874,730,3020,128,301,45.8,13408,9991,2942,456,19,373,111603,39343,51938,28089,609,28595,POINT (934621.6966858655 135376.6311996877)
4,Arden Heights,Staten Island,9095,1500,550,26482,13082,13400,5927,3647,3353,20642,394,1730,21150,12178,7718,1123,2787,26,453,46.1,12264,8732,2877,655,0,414,101280,35060,50729,25510,972,26445,POINT (932590.6872964352 139450.961961776)
5,Astoria,Queens,34325,12156,3364,77252,37588,39664,9783,9850,20787,38563,2870,12811,68317,44614,5361,1054,33055,2950,1216,37.9,46089,37992,4820,3252,25,2544,76138,35542,41127,66199,11053,77122,POINT (1007613.562840939 219276.4207488596)
6,Auburndale,Queens,6937,1315,690,20609,10181,10428,3832,3494,2732,7582,214,9507,17073,9723,4696,1064,3390,180,306,44.1,10078,8192,1413,451,22,267,92045,32589,40126,18509,2100,20577,POINT (1041936.765847936 216863.9098258466)
8,Bath Beach,Brooklyn,11428,2749,1221,33163,16686,16477,7103,4888,5861,14490,404,11975,26855,14389,3790,1119,8306,679,323,49.8,14857,11962,2019,867,9,895,75950,26894,36782,29449,3489,32959,POINT (984596.5084814429 157697.2338681072)
9,Battery Park City,Manhattan,22074,9552,1330,45737,22214,23523,6829,2735,3960,29642,1100,9687,39203,29924,1206,283,16429,9138,1746,25.1,30432,27190,1880,1362,0,1348,192766,96422,88365,43647,2070,44364,POINT (979573.3023205251 198652.9692136794)
10,Bay Ridge,Brooklyn,33487,12201,4079,79134,37829,41305,15110,12380,14134,50197,1511,11515,65479,38046,8905,2003,21679,3442,1566,43.4,38906,30113,6590,2130,73,2313,86319,37096,45447,72049,6933,78978,POINT (975750.0192846954 167274.0670766085)
11,Bayside,Queens,15673,3742,1453,44864,21722,23142,8320,7751,5992,18640,726,18741,37551,21637,11193,2381,6637,712,580,41.2,22341,17817,3506,984,34,602,97749,35575,44809,40362,4037,44395,POINT (1046777.524211019 218446.5752956867)
12,Bedford Stuyvesant,Brooklyn,26059,8119,2226,75318,36491,38827,22379,5816,14682,26407,30566,2290,54904,31494,3516,877,20058,4258,1275,38.7,32339,26105,4464,1712,58,3673,62616,22480,30495,68299,6689,74791,POINT (1000395.025112689 189658.8024907708)
13,Bedford Park,The Bronx,19364,5767,1480,55995,26934,29061,15006,4347,40184,3237,9285,2133,42293,22932,3407,794,15609,2218,620,41.7,23271,19442,2535,1270,24,3175,46892,17447,26354,47888,8096,55616,POINT (1015914.228982359 256330.3158010244)
75,Bay Terrace,Queens,9848,3685,1956,21945,10199,11746,3336,5661,3065,13404,143,4878,18858,9825,5745,471,2860,227,397,41,10084,7499,1844,691,50,519,92041,42232,53763,21098,847,21945,POINT (1046061.49217853 224566.3557070196)
75,Bay Terrace,Queens,9848,3685,1956,21945,10199,11746,3336,5661,3065,13404,143,4878,18858,9825,5745,471,2860,227,397,41,10084,7499,1844,691,50,519,92041,42232,53763,21098,847,21945,POINT (945577.3781865239 141139.9887674302)
14,Bellerose,Queens,8192,1727,883,26916,13117,13799,5690,3760,5502,7436,1705,11256,21707,12076,7046,965,3317,296,420,42.7,12373,9195,2412,756,10,532,87758,28020,39265,24137,2267,26372,POINT (1061819.706725031 204839.3354498595)
15,Belmont,The Bronx,9116,2810,663,29372,14071,15301,8177,1865,18281,5706,4359,553,22085,10262,1363,357,5829,1809,585,38.3,10614,9006,957,641,10,1959,35447,12279,14808,24744,4628,26576,POINT (1015107.155465275 251626.3609701097)
18,Bensonhurst,Brooklyn,52096,11367,5152,155913,75934,79979,32061,23178,21301,69006,1332,61990,127327,69054,13880,4389,42197,5548,1707,45.8,71042,59131,7832,4033,46,4686,68350,23520,29335,137475,18325,155631,POINT (985588.2820884436 161883.4443276823)
19,Borough Park,Brooklyn,27422,4461,2586,105913,54032,51881,41671,10746,10244,80190,946,13614,67904,35812,7052,3103,13286,9835,1731,34.7,36796,31786,2256,2699,55,2208,59062,15730,21292,96782,8798,105309,POINT (986887.3011439443 169943.0381166041)
20,Breezy Point,Queens,10825,3886,1308,28243,14407,13836,6245,5583,3469,21974,1726,667,22761,11977,7160,650,3117,409,364,46.6,12277,8129,3448,690,10,564,103538,41229,52336,25800,1564,27265,POINT (1004948.27781719 142361.609683767)
21,Briarwood,Queens,14269,4113,1152,42224,20596,21628,7971,5344,11399,7020,4892,16617,35221,20740,5752,863,12179,1354,394,45.2,21079,16844,2630,1600,5,936,75837,27311,34519,34984,6483,41263,POINT (1036440.005844101 198345.5393823534)
22,Brighton Beach,Brooklyn,14097,5217,3082,34157,16234,17923,6305,7804,3903,23746,261,5105,28462,13748,3247,726,7333,1733,478,44.8,14116,11618,1709,789,0,2781,61590,25916,32468,30103,3776,33879,POINT (993946.5111068636 149431.2992845178)
23,Bronxdale,The Bronx,13780,4203,1685,37595,18693,18902,8630,4974,21093,4241,10019,1221,30046,14857,3786,414,8889,1162,320,44.4,15324,12433,2220,648,23,2259,46315,18053,27137,31534,5581,37034,POINT (1022502.943167105 249977.663480103)
24,Brooklyn Heights,Brooklyn,11152,5026,1407,24140,12002,12138,3272,3214,1949,17461,1197,2327,21110,13654,632,112,9649,1474,1181,31,13873,11422,1421,1022,8,451,178252,82940,76945,22511,1629,22339,POINT (985974.1684557796 192798.4317101836)
25,Brownsville,Brooklyn,21552,7454,2301,60124,25026,35098,16611,6348,12214,740,45539,963,45400,19228,3127,719,13480,1272,341,48.5,19893,15343,3731,811,8,5683,37892,15543,24909,54105,5939,58644,POINT (1009153.467897609 181184.0205558538)
28,Bushwick,Brooklyn,45463,11632,3565,135837,67768,68069,29866,11341,82199,20135,24825,6555,109462,65016,7024,1283,46755,5112,2342,40.4,66122,55644,6377,4015,86,6457,59224,20933,28329,107167,28330,134862,POINT (1004975.11372152 193627.8237521797)
29,Cambria Heights,Queens,6081,1222,773,19546,8823,10723,3458,4010,1015,227,17681,138,16620,9347,5015,620,3383,86,170,48,9621,6686,2615,313,7,201,94177,31578,39777,17771,1755,19484,POINT (1057662.74751927 191783.858280018)
30,Canarsie,Brooklyn,28677,6292,1858,88367,38868,49499,20104,10327,5467,4048,74885,2509,70724,42150,14859,2260,22604,1272,666,49.4,42956,31128,10072,1736,20,2310,76268,25790,36582,79770,8140,87712,POINT (1011424.050954863 170844.7856569439)
31,Carroll Gardens,Brooklyn,18111,5470,1490,42463,20053,22410,8634,4538,8037,25780,4632,2261,34479,22465,1867,469,14564,2417,1850,36.6,22888,18114,2576,2190,8,1988,138368,59746,62054,39365,2662,41982,POINT (985732.8513531089 187215.6203692704)
34,Central Harlem,Manhattan,54260,22774,5642,135967,63506,72461,29277,12685,32104,17744,77583,4366,109121,60669,4739,1174,44904,4640,3671,36.6,61831,47649,10200,3955,27,8321,68855,29520,35195,121101,14263,135116,POINT (999969.0718963593 236564.307760939)
35,Charleston,Staten Island,8117,1677,713,24794,12202,12592,6311,2844,2392,20473,227,1206,19291,10866,7683,698,2107,69,242,41.1,10999,8080,2726,193,0,172,110587,36496,50839,23272,1446,24580,POINT (919713.546384111 132649.0198570192)
36,Chinatown,Manhattan,18191,7534,2450,44898,23477,21421,5439,7621,6604,7967,2467,26336,40184,21303,1126,637,11069,6034,1263,31.4,21781,18288,1410,1889,194,2566,67713,31310,32128,39445,4001,43120,POINT (985835.8514751941 199995.6522238553)
37,Claremont Village,The Bronx,10843,3166,914,34815,15895,18920,11999,2543,20330,400,13757,15,24213,9984,1499,381,7129,740,200,47,10351,8229,1598,505,19,2752,30997,10561,19740,31251,3322,33895,POINT (1011591.599832356 242204.4572417736)
38,Clinton,Manhattan,26448,16409,3086,44293,24451,19842,2591,5024,8588,24899,2510,7018,41934,30374,1193,256,14001,11270,1934,27.3,30683,27001,1275,2407,0,1922,118236,73920,64974,41102,3179,44169,POINT (985325.0723130256 215837.660566017)
39,Clinton Hill,Brooklyn,15797,5965,1514,38655,18140,20515,7204,3803,4257,15508,14762,2454,31989,20464,2101,433,13387,1724,1486,37.4,21019,16303,2945,1771,0,1358,96050,40323,44087,35561,3040,37137,POINT (993167.4076781869 191840.2538365275)
40,College Point,Queens,7852,1416,481,25875,12841,13034,5903,3469,9809,6221,556,8363,20643,11258,4318,1637,4011,776,369,40.9,11651,9883,1136,613,19,459,73641,23845,30971,20817,4453,25186,POINT (1027715.08431761 225277.0550730228)
41,Co-op City,The Bronx,19435,8162,3853,48541,20806,27735,8656,10685,13575,3418,29521,566,40935,19982,6476,656,11422,986,266,50.1,20471,13988,6131,352,0,1355,58997,24876,36867,44022,2693,46639,POINT (1031281.314061776 257852.3577044308)
42,Corona,Queens,16643,3050,1380,58626,30733,27893,15325,6196,36037,3983,9504,8404,44782,25947,4249,1598,16508,2501,371,42.8,26930,22536,2204,2190,0,1625,55734,17260,23429,44906,13317,58038,POINT (1023924.434418604 209778.7376445234)
46,Crown Heights,Brooklyn,58192,19677,5763,149096,67925,81171,32216,16197,16621,28667,95807,3796,120898,68255,8866,1663,47539,5302,2801,41.4,69866,53625,11510,4588,143,7760,59238,24081,33385,129831,18579,147775,POINT (999981.1447068602 183682.6520415246)
47,Cypress Hills,Brooklyn,14159,2602,784,48899,23499,25400,12539,3710,30110,1558,12008,3928,38106,20032,4241,815,13513,733,483,43.9,20340,16989,2312,1033,6,2004,57213,17271,28329,42846,5990,48765,POINT (1018471.052608863 187913.9687101096)
48,Douglaston,Queens,9684,2574,1203,25738,11891,13847,4933,5199,3064,11938,409,9656,21420,12208,6911,983,3140,327,678,40.1,12659,9871,1912,812,64,387,103424,39829,52091,23861,1756,25594,POINT (1055578.615860775 218764.3095683604)
49,Downtown,Brooklyn,17585,5651,1042,42245,20331,21914,7462,3788,8691,18944,8228,4684,35416,22597,1375,341,15762,2250,1936,34.9,23003,18348,2564,2091,0,1515,137363,58014,62010,38831,3143,41741,POINT (988835.9189658612 190969.9783461094)
50,Dyker Heights,Brooklyn,14907,3331,1426,45877,22293,23584,10076,6783,5148,21415,368,18471,36996,20002,5665,1715,9941,1914,384,43.8,20636,16771,2595,1237,33,1066,76957,25712,27819,41240,4480,45609,POINT (978888.1767222732 164875.3189213574)
52,East Elmhurst,Queens,6064,1556,542,21760,10950,10810,4697,2841,13548,1169,4912,1725,17586,9441,2190,860,5144,706,219,43.4,9812,8222,910,680,0,546,64815,19854,24247,16921,4489,21315,POINT (1021081.403031185 217677.1782124341)
53,East Flatbush,Brooklyn,18556,4656,1772,53535,22995,30540,11632,8278,3493,889,47317,897,43376,24433,6262,1054,15365,1070,419,44.5,24960,18836,5042,1041,41,1352,65093,23524,34634,47639,5865,53449,POINT (1001983.021936685 173077.9314531088)
57,East Harlem,Manhattan,47970,19106,6565,120808,55376,65432,25715,14719,55073,18184,35579,9190,98280,48334,3581,520,33995,7171,1840,34.6,49154,40635,6024,2328,167,8888,60307,26137,31355,106374,13159,117583,POINT (999705.7797720283 227919.7007063478)
163,Soundview-Castle Hill-Clason Point-Harding Park,The Bronx,19190,5355,2370,56552,25210,31342,13631,7366,34288,1345,19112,999,44333,20169,7052,1183,10452,1130,219,44.9,20592,15054,4864,642,32,3008,50523,18612,29570,51547,4770,56231,POINT (1026313.869272277 237702.6663766056)
58,East New York,Brooklyn,32744,9615,2517,94448,42718,51730,26020,8989,25482,1617,62486,2706,71139,35645,7930,1534,23258,1726,853,46.2,36424,28367,6582,1388,87,6174,49682,17994,30873,86104,7955,93703,POINT (1017344.892459601 183370.9344891012)
60,East Tremont,The Bronx,14779,4397,1790,44510,20577,23933,13105,4516,30476,681,12728,358,33134,13860,2373,574,9147,1039,524,44.3,14320,11291,2024,991,14,3579,34080,12322,19360,39325,4944,43553,POINT (1015417.110225946 246314.3617516011)
61,East Village,Manhattan,22352,13238,2504,43022,21841,21181,2203,4052,4672,29218,2170,5957,41068,26548,1002,158,15038,6470,1822,29.4,27010,22765,1504,2713,28,2447,105620,58293,57399,39281,3582,38022,POINT (989176.2850830257 204451.2663441002)
62,East Williamsburg,Brooklyn,15964,5363,1524,35985,17422,18563,4742,4546,10711,15882,3125,5538,31807,19910,1936,515,14432,1337,1057,35.4,20188,17287,1516,1374,11,1448,76888,35053,41778,31963,4022,35921,POINT (1001201.301059186 197405.2942156047)
63,Eastchester-Edenwald-Baychester,The Bronx,11447,2846,898,35172,15564,19608,8117,4253,8536,1242,23328,1086,28159,15325,5462,947,7615,766,292,47.5,15772,12263,3062,412,35,1111,64343,22667,31723,31459,3414,34711,POINT (1031861.615066528 262685.1899022758)
64,Elmhurst,Queens,26875,6157,2243,83663,42573,41090,16419,10248,36138,5013,1734,38777,68715,39965,4727,2116,28573,3166,671,42.3,41293,34317,3405,3454,117,2327,59604,20498,25524,65782,17711,83383,POINT (1017042.769376189 210375.7177497745)
66,Erasmus,Brooklyn,10053,2990,1021,29149,12791,16358,7238,3683,2843,1230,23974,449,22701,12448,1813,395,9030,689,313,46.5,12744,9798,2323,623,0,1140,57400,21019,31999,25213,3908,28851,POINT (998630.9354650229 174973.2436073571)
67,Far Rockaway,Queens,16675,4846,2041,54264,24786,29478,16068,7144,14516,14380,22400,1876,39592,20898,8656,1605,7627,1990,490,47.7,21411,16661,3257,1493,0,2747,59238,19896,30066,47242,5275,52220,POINT (1052288.061090186 159109.6900326908)
68,Flatbush,Brooklyn,38418,11003,3419,108653,50284,58369,26328,11702,20589,24359,49067,11129,84948,49037,8226,1769,32491,3416,1754,43,50422,39425,7129,3852,16,3656,65362,23818,31018,94384,14253,108347,POINT (995795.6032091975 171109.7985783517)
69,Flatlands,Brooklyn,23073,4587,1704,72540,33447,39093,16592,9671,6199,11458,50633,3008,58241,33138,11241,1827,17688,1311,733,47.2,33813,24142,7859,1784,28,1292,84670,27793,37554,66619,5867,72322,POINT (1003926.103024274 168972.8323798478)
70,Flushing,Queens,25807,6803,2764,70697,32894,37803,11375,11640,10223,5479,3001,50133,60539,31449,5910,5308,14124,5011,565,41,32388,28981,2295,1112,0,3233,52996,20644,24352,53488,16237,69622,POINT (1030850.994712442 217832.7694366872)
71,Fordham,The Bronx,8930,2418,485,28434,13771,14663,8622,1818,20613,340,7092,120,20825,10976,1493,288,7249,1193,652,43,11233,9184,1115,934,0,1897,37885,13047,19917,23409,5025,28171,POINT (1012899.568016946 252978.8799186051)
72,Forest Hills,Queens,39258,16813,6153,86531,40320,46211,15724,15633,13127,46136,2404,22120,71980,43526,9571,2308,26571,2550,2003,42.3,44321,35023,6525,2653,120,2877,93862,43690,54278,80606,5473,86008,POINT (1027357.733982444 203547.9692661911)
73,Fort Greene,Brooklyn,12494,4660,1119,30288,13630,16658,5492,3805,6482,8540,11222,2937,25298,14564,1275,424,9997,1442,858,35.8,14851,11390,2278,1183,0,1354,93799,39825,43266,27051,2459,28831,POINT (991764.0105506033 190126.643746689)
74,Fresh Meadows,Queens,6660,1593,743,18700,8911,9789,3402,2900,2331,5985,557,8999,15726,8690,3976,877,3163,271,317,45.1,8982,7053,1327,572,30,518,86706,31809,39080,16606,2094,18592,POINT (1044468.271611691 206910.9802566916)
76,Georgetown,Brooklyn,16788,4013,1846,47997,23176,24821,11601,7735,5118,32452,6072,3580,37709,21655,10849,2038,6904,1023,635,41.6,22046,15980,4814,1218,34,664,101679,36128,44503,45481,2516,47972,POINT (1007547.416647777 166571.1846241057)
77,Glen Oaks,Queens,9030,3265,1801,23344,10516,12828,3325,5758,2168,10533,1149,8601,20313,10678,6710,924,2341,290,346,39.1,11002,8277,2234,480,11,302,99771,40345,50356,21209,1184,22376,POINT (1063082.966337606 212446.1781757772)
78,Glendale,Queens,11820,2586,1152,34029,16895,17134,6926,4485,11642,20094,505,1367,28072,16599,6412,985,7826,923,308,37.8,16918,13461,2735,703,19,608,81563,29723,39776,31161,2843,34001,POINT (1020089.357443109 195338.2166568488)
79,Gramercy,Manhattan,14167,7830,1817,27886,12510,15376,1694,3111,2091,19804,1098,4002,26343,18493,668,130,9904,4875,1424,24,18598,16532,999,1067,0,662,172590,92015,80355,26547,1184,24892,POINT (989411.2101381123 207862.5695608556)
80,Grasmere,Staten Island,5669,1260,589,15896,7362,8534,3580,2223,2339,10182,951,2019,12686,7134,3466,426,2589,221,405,41.3,7116,5666,1135,315,0,535,87520,31394,41713,14417,1218,15699,POINT (962957.2299096882 157251.0182251036)
81,Gravesend,Brooklyn,11375,3455,1721,30288,13919,16369,6477,5523,4327,15255,2384,7534,24649,12060,3186,681,6602,912,441,47.5,12343,9624,1775,927,17,1546,60829,23401,30652,27230,3045,30179,POINT (991617.5738356113 156146.7976645231)
82,Great Kills,Staten Island,15517,2903,1530,43602,21261,22341,8877,7128,3829,36834,91,2422,35958,20301,12724,1565,5186,259,376,45.3,20688,14979,5028,664,17,500,101281,36323,48032,41597,1995,43585,POINT (942751.908115685 139502.3467015177)
83,Greenpoint,Brooklyn,15869,6090,1394,33351,15989,17362,3361,3240,4340,25167,736,1950,30264,21195,2365,509,14071,1732,1140,36.8,21571,17903,1673,1976,19,1235,89569,43723,50257,28998,4353,33332,POINT (996932.364059031 205311.7902135998)
84,Grymes Hill,Staten Island,7610,2219,796,21636,10048,11588,5239,2479,5959,6239,6602,2085,17145,8832,4102,568,3614,313,205,46.8,8941,6911,1499,531,0,1288,74425,26496,38453,19625,2002,20449,POINT (960030.239372611 166695.7916583568)
85,Hamilton Heights,Manhattan,19226,6987,2043,52508,26649,25859,9216,5447,24053,8759,15524,1863,44399,27064,1786,595,20529,1528,1615,38.4,28056,22913,2597,2529,17,2615,62703,25803,29068,44547,7943,52242,POINT (998174.7096714377 239342.4465616047)
86,Hammels-Arverne-Edgemere,Queens,13061,3347,1075,39003,18117,20886,11438,4240,10607,6175,18830,2160,29066,14192,5507,766,6944,517,220,55.4,14404,11256,2636,503,9,1803,56077,20202,32881,34565,3209,37629,POINT (1038263.873915523 153319.3541724384)
87,Highbridge,The Bronx,13242,3952,1214,39144,17311,21833,12034,2975,25647,664,12517,112,28547,14258,2486,731,9320,1105,402,40.8,14730,12467,1644,606,13,2462,39092,14230,22524,33878,5094,38772,POINT (1004698.478448018 244090.2733520269)
88,Hollis,Queens,6030,1269,242,21214,10076,11138,4302,2768,2325,551,12445,4132,17387,10583,4494,333,5151,194,228,50.2,10749,8227,1904,588,30,438,78912,24513,31222,18460,2353,20688,POINT (1050993.991171777 198493.3809501827)
89,Homecrest,Brooklyn,15575,4411,2065,44516,21822,22694,12516,6342,4454,34673,427,3855,33254,17998,4646,1110,8949,1717,1112,41.7,18315,14818,2152,1322,23,1332,75661,26889,35774,40709,3789,44407,POINT (995584.5550748557 157337.8753348589)
90,Hudson Yards,Manhattan,42124,22888,4201,77205,40160,37045,8028,8915,10838,48751,4429,11102,69699,50452,2355,403,25899,14418,3262,26.2,51157,43969,3184,3996,8,2924,184732,103883,81696,73015,3936,75765,POINT (984219.147687614 214947.6416767687)
91,Hunters Point,Queens,28245,10229,2119,66926,33889,33037,10833,6469,22883,25244,1249,15707,56920,39327,5111,995,28801,2201,1222,36.3,39859,32770,2948,4133,8,1481,91724,40028,40154,55308,11263,66226,POINT (997033.2382011116 210125.7946931869)
92,Hunts Point,The Bronx,8445,2468,948,26531,12876,13655,7580,2413,19396,263,6513,174,19678,8611,1165,316,5833,866,341,44.6,8763,7520,829,414,0,2076,33441,11881,21241,21643,4111,25581,POINT (1016551.233941942 234305.0166758597)
93,Jackson Heights,Queens,36706,10747,3631,104125,52176,51949,19792,14175,58866,16416,1913,24998,86461,50656,10436,2746,32662,3167,715,40,51825,41720,5279,4805,21,2139,67112,24967,29933,85142,18698,103595,POINT (1016716.121079355 213265.4823114425)
94,Jamaica Center,Queens,15952,3211,1270,55597,27271,28326,13430,6391,20129,2000,9362,17430,43490,24612,4813,1061,16028,1761,421,47.6,24976,19864,2687,2388,37,1297,55954,17450,23745,45811,9462,54665,POINT (1040561.291564777 196067.4346866012)
95,Jamaica Estates,Queens,9241,2983,936,26757,12363,14394,5386,4693,3539,6333,6668,8732,21980,12311,5521,649,5381,344,331,43.8,12536,9618,2181,720,17,327,93424,33955,42272,24227,2106,25919,POINT (1043232.952560022 200499.4796282649)
96,Kensington,Brooklyn,12171,3195,1117,37676,18658,19018,10438,4009,6056,18756,2682,8416,28137,16190,3141,586,10029,1064,702,41.6,16535,12961,2016,1505,53,1058,70115,23290,31273,33594,4029,37547,POINT (989683.5439110249 173314.0540123582)
97,Kew Gardens,Queens,10015,3808,1296,23719,11513,12206,4988,3275,5829,10983,1546,4520,19303,11934,3255,383,6595,668,577,42.7,12365,9735,1744,846,40,706,82749,36005,44507,21740,1979,23677,POINT (1031434.216971189 196238.0501590222)
98,Kew Gardens Hills,Queens,13199,3433,1453,38404,18401,20003,8949,5284,5053,20078,2720,9133,30235,16933,6706,1361,7005,1263,400,40.7,17579,13843,2617,1119,0,627,81683,29021,38699,35588,2622,37209,POINT (1033900.338351279 202582.0404237658)
99,Kingsbridge Heights,The Bronx,10882,3270,1121,31294,14904,16390,7626,3370,23479,1299,4835,1068,24395,13853,1780,625,9527,1070,661,44.4,14160,11925,1385,828,22,1539,44583,16775,20647,26245,4487,30543,POINT (1011486.086263865 256400.4337710142)
100,Laurelton,Queens,8134,1639,744,26924,12599,14325,5568,4429,1790,311,23802,228,22081,12979,6333,779,5256,203,287,50.7,13567,9804,3336,419,8,235,96095,31434,38701,24664,2245,26748,POINT (1056306.598984852 182711.3423043489)
101,Lenox Hill-Roosevelt Island,Manhattan,43924,22932,6511,82051,36408,45643,11976,13644,7412,59069,3197,9810,71047,49193,3784,864,24481,13394,2751,30.2,50015,42891,3883,3159,82,2216,170988,93429,80929,76441,3754,79906,POINT (995645.7645981014 219123.5962513536)
102,Lincoln Square,Manhattan,32655,17584,4879,59691,27383,32308,8199,10747,6010,42982,2053,7131,51778,34173,1552,535,20714,6259,2717,28.7,35041,29571,2177,3235,58,1861,203752,113175,99086,57601,2036,58313,POINT (988311.0712622702 221094.5736086071)
103,Lindenwood,Queens,10477,2627,1372,28247,13364,14883,5526,5972,6225,19667,466,1170,23412,12769,7559,887,3885,282,128,41.6,13152,9931,2568,653,0,646,92838,35737,46247,26409,1821,28146,POINT (1025965.092738852 181195.5779474378)
104,Longwood,The Bronx,9040,2549,802,28961,14241,14720,8617,2521,21561,330,6348,408,21290,9714,1134,318,6920,776,362,43.2,9934,8374,962,546,52,2178,36239,12564,22515,24556,4257,28510,POINT (1013096.039080694 236256.8405281007)
105,Lower East Side,Manhattan,32016,14030,4384,72789,32967,39822,11226,13063,28805,15996,8007,17591,63080,29581,1857,612,16916,7284,866,34.1,30090,24379,3706,1874,131,5397,61325,28960,34772,66932,5477,72415,POINT (989547.3325692713 200793.4524655193)
106,Madison,Brooklyn,14846,3930,1774,40122,19655,20467,8365,6984,3471,26247,547,8893,32743,17364,4809,927,9325,1341,662,44.5,17800,14345,2463,970,22,1246,77976,29234,37874,36970,3130,40052,POINT (998572.9309878647 161293.3359278589)
107,Manhattanville,Manhattan,8241,2690,1036,23666,10763,12903,4308,2610,13381,2357,6435,944,20103,10439,677,18,8224,861,552,41,10713,8550,1688,475,0,1752,44966,18034,23516,20306,3319,23618,POINT (996045.4872238636 236911.247355774)
108,Marble Hill,Manhattan,19057,6676,2170,52681,25206,27475,11190,6189,38689,8367,3956,866,43004,23898,2950,777,16051,2214,1359,42.3,24882,20523,2906,1428,25,2202,57340,22751,25774,46050,6581,52408,POINT (1008956.756020695 258641.4673466831)
109,Mariner's Harbor,Staten Island,10040,2117,846,29956,14216,15740,7775,2956,10374,6913,9054,3039,23256,12109,6109,904,4606,307,109,45.5,12252,9326,2521,398,7,1753,68202,23239,39976,27056,2854,29872,POINT (942592.1184090227 169765.7710826844)
110,Maspeth,Queens,10838,3764,1152,29111,14198,14913,6193,3769,8874,15685,401,3716,23667,14210,5484,1010,6484,762,245,41,14384,11688,1903,751,42,858,79157,30876,37054,24751,4166,28833,POINT (1013016.015946776 203586.3435332775)
111,Melrose,The Bronx,14293,4297,1632,43244,19941,23303,13699,3663,27262,628,14211,261,30880,14633,1767,410,9879,1479,704,41.9,14928,12280,1815,828,5,3148,39830,14379,21877,37152,5948,42852,POINT (1009320.531867936 237948.7462650239)
112,Middle Village,Queens,14631,4484,1673,38033,17839,20194,7018,7384,6757,26824,334,3693,31684,17917,7733,1422,7211,991,454,40.1,18313,13987,3665,644,17,928,85918,34522,46480,34535,3115,37571,POINT (1017198.589602605 200307.9931346029)
113,Midtown-Midtown South,Manhattan,15507,9035,2291,27811,13456,14355,1966,4193,2307,17344,1148,6029,26120,16877,553,188,6460,7281,1641,23.6,17108,14859,753,1478,18,1458,181291,105400,89782,26403,1402,26370,POINT (989328.7129277736 214231.5384501815)
114,Midwood,Brooklyn,18697,5387,2716,53377,25735,27642,14500,7954,3879,39881,2814,5946,40368,20868,5996,1302,9865,2526,866,38.2,21355,17106,2354,1876,19,2369,77887,27728,30258,48525,4575,53020,POINT (996021.1503302753 167200.6830370128)
115,Morningside Heights,Manhattan,19319,7518,2657,53707,23985,29722,6898,6779,11803,25978,5965,8025,47336,22218,1020,205,13669,4971,1478,30.7,22556,18680,1781,2059,36,3165,109444,41508,42056,49829,3372,43660,POINT (994244.6519147754 233655.2108888477)
116,Morrisania,The Bronx,13736,4010,1151,39939,18955,20984,11007,3339,24309,589,14149,209,30392,14405,2881,384,9100,1324,467,42.9,14755,11809,2138,771,37,2537,40974,15083,22821,34556,5172,39615,POINT (1011509.726636529 239349.2920203507)
117,Mott Haven-Port Morris,The Bronx,18480,5377,2089,55080,26262,28818,17134,4585,39533,836,13870,320,39844,17959,2023,459,12976,1773,410,42,18668,15332,2013,1305,18,4642,33368,12398,20516,46509,8517,54596,POINT (1007476.820004195 233022.6839386821)
118,Mount Hope,The Bronx,17135,4496,1236,52973,24875,28098,14686,3985,36161,809,14155,923,40169,20779,2881,721,14087,1767,1007,40.9,21343,18090,1869,1356,28,2762,37552,13443,20400,45199,7519,52345,POINT (1009620.07063894 248546.6207385212)
120,Murray Hill-Kips Bay,Manhattan,26059,15497,4158,47774,22112,25662,4582,7071,5728,29280,1996,9145,43655,29494,656,409,12555,12535,1922,25.4,29935,26158,1947,1737,93,1662,134337,76871,79076,45322,2253,46061,POINT (990253.7458546013 211904.3856241852)
119,Murray Hill,Queens,17715,3872,1792,52659,24719,27940,8773,9190,7756,12939,741,29772,44665,23579,8022,2808,9155,2828,401,40.2,24244,20528,2540,1163,13,1524,72306,25826,32408,41347,10583,51899,POINT (1036117.33818236 217723.9261504412)
121,New Brighton,Staten Island,6136,1480,577,18083,9327,8756,4397,2365,5219,9883,1754,840,14140,7695,4388,508,2356,203,216,40.9,7838,5552,1787,499,0,506,96088,33074,46558,15820,1688,17466,POINT (960100.5030116141 172681.5300149322)
192,New Brighton,Staten Island,12074,3528,1321,33175,15887,17288,9034,3645,10090,7818,11829,1914,25027,13115,4928,966,5968,782,353,44.2,13300,9832,2644,816,8,1830,67064,24737,37793,29906,2969,32839,POINT (960100.5030116141 172681.5300149322)
122,New Dorp,Staten Island,7662,1709,769,21358,10367,10991,4621,3179,3043,16380,208,1582,17282,9540,5303,841,2849,251,153,40.6,9634,7465,1900,260,9,397,92357,33572,45578,19988,1370,21358,POINT (951890.7625413537 147901.5005068481)
123,New Springville-Bloomfield-Travis,Staten Island,13754,2646,1097,40907,19502,21405,8873,6862,5771,25847,2096,6211,33186,17964,10270,1870,4779,386,554,41.3,18155,13440,3711,968,36,874,93531,31938,42777,37917,2156,40073,POINT (938437.1424670219 155821.7120286077)
124,North Corona,Queens,12178,1532,553,54677,29987,24690,14759,3437,48057,547,1811,3855,40891,26100,3477,1139,18604,2309,218,43.2,26696,23112,1214,2365,5,563,60921,15199,21182,34450,20227,53909,POINT (1023725.492559269 214037.1877890229)
125,North Riverdale-Fieldston-Riverdale,The Bronx,10684,4301,2114,27145,12758,14387,5161,6025,5926,17274,1660,1792,22410,11910,4245,763,5082,784,848,43.4,12190,9382,1908,877,23,520,114400,46209,53311,24985,1081,23939,POINT (1010639.035464525 270299.2576793581)
126,North Side-South Side,Brooklyn,23134,7688,1364,54330,27348,26982,9660,3761,18952,28571,1581,3829,45544,31482,2457,399,22002,2929,2312,33.4,32165,26955,2211,2968,31,1968,104645,45422,48152,48606,5715,54303,POINT (995669.052281186 199708.4546355158)
127,Norwood,The Bronx,14663,4622,1137,42666,20525,22141,11651,3947,26850,4087,5853,4780,32074,16756,2171,734,11149,1736,663,44.7,17322,14346,1630,1312,34,2392,45403,16648,22767,36455,5631,42026,POINT (1017603.722650602 258897.1679507643)
128,Oakland Gardens,Queens,11051,3253,1325,28669,14015,14654,5858,5168,2307,11361,766,13318,23457,13433,7002,1563,4049,183,545,44.5,13798,10975,2094,729,0,524,95781,37845,46416,26564,2105,28648,POINT (1052151.149618611 211020.5671818554)
129,Oakwood,Staten Island,7987,2203,1317,20618,9333,11285,3785,4345,2500,16952,544,448,17332,9126,5324,709,2699,167,129,45.8,9351,6663,2426,251,11,433,94894,37037,50298,19795,806,20598,POINT (950470.5445812792 142762.7801412642)
130,Ocean Hill,Brooklyn,12625,4240,1363,34025,15457,18568,9463,3569,6927,1310,24756,638,25716,13300,2379,306,9515,568,406,45.3,13458,9978,2853,606,21,2104,50288,19445,31271,30010,3988,33768,POINT (1008362.293626949 186448.7226248533)
131,Ocean Parkway,Brooklyn,6832,1849,905,21253,10518,10735,6895,2939,1733,17545,229,1082,15103,8001,2561,632,3294,1068,300,35.3,8235,6588,984,648,15,682,89512,29113,33170,19489,1764,21231,POINT (993032.7235643566 162632.1767541021)
133,Old Town-Dongan Hills-South Beach,Staten Island,8561,2295,793,24927,11772,13155,4815,3735,3969,17312,1107,2118,20610,10382,5190,678,3576,454,367,41.8,10518,8024,1922,572,0,707,78779,27612,40605,22804,1606,24411,POINT (959947.0984627753 156547.2492914349)
134,Ozone Park,Queens,6954,1188,479,23415,11419,11996,5404,2448,10181,5389,1350,5496,18662,10414,4006,813,4797,497,245,43.6,10771,8500,1633,629,9,389,82307,25503,34695,21087,2328,23383,POINT (1027739.453363359 187315.7914287746)
135,Park Slope,Brooklyn,31147,8950,1747,73881,35548,38333,14515,6683,12316,49436,3260,5177,60537,44552,3673,1008,30296,3394,4644,38.1,45295,35058,5381,4829,27,1197,160700,68597,64954,69486,4252,73516,POINT (990616.1532662809 184221.7336405218)
141,Parkchester,The Bronx,12689,4818,1448,30826,14527,16299,6377,3577,11741,617,12700,4790,24963,15251,2686,649,10482,831,235,48.3,15587,11804,3025,758,0,1126,57578,25195,33702,28015,2723,30820,POINT (1024094.947857112 244593.4324506819)
142,Pelham Bay-Country Club-City Island,The Bronx,11135,4142,1895,26172,12068,14104,4472,5466,10188,13506,940,1349,22024,11872,5724,771,4459,482,326,38.8,12252,8974,2819,408,51,553,77055,34028,48058,24161,1817,25976,POINT (1030707.478595272 249233.6078816056)
143,Pelham Parkway,The Bronx,11325,3643,1282,29947,13810,16137,6249,3918,13139,9619,4047,2776,24235,14312,3281,1197,7437,1508,526,41.1,14523,11135,2574,814,0,1052,70924,28365,39801,26236,3364,29399,POINT (1024428.364513114 251689.7184549421)
144,Pomonok,Queens,11905,2857,1294,36416,16753,19663,7603,4677,7976,11988,3730,11603,29414,14954,6372,1403,5674,975,391,41.9,15473,11734,2582,977,180,1369,74858,25721,28950,33651,2759,34079,POINT (1038329.848521113 207093.8942609429)
145,Port Richmond,Staten Island,6360,1509,698,19141,9770,9371,4197,2350,6674,7691,2908,1203,15378,8126,4305,446,2720,220,195,41.3,8245,6142,1708,395,0,832,76264,25792,34720,16916,2166,19082,POINT (948324.6640305221 170165.7335373461)
146,Prospect Heights,Brooklyn,9331,3349,644,20493,9973,10520,3299,2105,2343,10366,5090,1495,17456,12382,896,216,8778,835,991,40,12667,9500,1832,1272,63,527,117343,54383,55235,18784,1678,20467,POINT (993997.2455854416 185862.967234686)
147,Prospect Lefferts Gardens,Brooklyn,26590,8877,2792,69363,31044,38319,15126,9771,7294,10187,48670,1514,55671,31371,4368,944,22529,1592,1206,43.6,31962,24862,5327,1768,5,2880,62975,25151,33222,60200,8118,68268,POINT (996763.5330318511 179159.775260523)
148,Queens Village,Queens,15538,2270,990,54732,26092,28640,10417,7443,9161,3499,26241,9152,45828,26317,11999,2026,11068,392,474,47.8,26904,20411,5285,1203,5,820,81963,25260,33453,48971,5585,54423,POINT (1056678.724881023 201296.6830863506)
149,Queensboro Hill,Queens,6049,774,346,21460,10667,10793,4039,3128,3615,2985,306,14198,18082,9188,3573,1528,3626,300,44,43.1,9435,7715,1299,400,21,396,69947,21073,28231,17126,4309,21403,POINT (1032517.458899185 210592.3957941085)
150,Queensbridge-Ravenswood-Long Island City,Queens,7805,2676,824,18927,9084,9843,3527,2023,7364,3181,3871,3707,15769,8091,950,212,5698,796,180,37.5,8387,6826,943,591,27,1353,49300,21430,26870,16601,2319,18908,POINT (999312.8786549419 214745.8179334402)
151,Rego Park,Queens,12260,4812,1681,28106,13170,14936,4409,5377,4896,12501,949,9008,24163,13764,3005,677,8224,1373,381,42.3,14078,11406,1771,892,9,1213,74753,33623,42857,25058,3038,28068,POINT (1023654.733186364 204893.4609977752)
152,Richmond Hill,Queens,17473,2033,642,68275,34282,33993,15878,6496,24995,6813,5333,21241,54458,31072,9424,2351,16218,1875,755,45.2,31874,25500,3646,2630,98,1101,75506,20972,28118,57299,10776,67852,POINT (1030880.83257927 193602.2450631857)
153,Ridgewood,Queens,24198,5254,1641,72964,35907,37057,16753,6127,35051,29940,1274,5810,57860,35976,6399,1455,23965,2482,1001,39.5,36442,30003,4113,2320,6,2249,69489,24563,34432,59469,13410,72806,POINT (1011576.718300447 197353.0879551917)
155,Rosedale,Queens,7619,1076,396,27462,12398,15064,6235,2862,2316,1031,23124,457,21978,13911,7113,1025,5067,189,406,50.4,14188,10464,3114,597,13,253,96902,28742,38691,25371,2077,27406,POINT (1057701.239896357 179776.3006022722)
156,Rossville,Staten Island,7435,1212,535,21397,10470,10927,4811,2998,1990,18050,18,988,17061,9723,6080,740,2462,229,117,46,9861,7276,2295,290,0,273,110151,38559,52139,20708,689,21387,POINT (924297.5598538518 139513.0304071903)
157,Rugby-Remsen Village,Brooklyn,20761,6503,1895,55951,24412,31539,11933,8034,3917,985,49751,608,45536,24806,6102,1129,15484,1137,600,46.7,25337,18883,5119,1286,49,2013,59398,23128,32585,48636,7005,55569,POINT (1004537.693008438 178127.5230599344)
158,Schuylerville-Throgs Neck-Edgewater Park,The Bronx,16527,4513,1946,47580,23187,24393,9808,7407,21588,18892,4396,1697,38839,21322,10076,1988,7243,1190,548,40.7,21889,16942,4223,698,26,1293,83834,31055,41907,43430,3899,45909,POINT (1032349.112451106 240470.1487025172)
159,Seagate-Coney Island,Brooklyn,10981,3568,1974,29677,13277,16400,6965,5717,7776,9216,8841,3128,23598,9422,2146,547,5399,913,243,48.4,9648,7717,1650,278,3,2396,51426,20054,23845,26479,2596,29039,POINT (982062.8888767809 149265.6336053461)
160,Sheepshead Bay-Gerritsen Beach-Manhattan Beach,Brooklyn,26198,7978,3839,66293,31519,34774,12509,12695,5809,43445,4741,11275,55175,28955,8625,2518,13906,2056,1372,45.1,29706,22758,5395,1515,38,2482,73419,29668,39416,61362,4767,66115,POINT (1000030.046840027 153101.4379416108)
161,SoHo-TriBeCa-Civic Center-Little Italy,Manhattan,19700,8576,1627,42979,21369,21610,6582,4964,2839,28050,1023,9281,36989,25101,1231,373,13186,6329,2024,26,25529,22001,1068,2454,6,1175,251546,118807,82798,40594,2294,41246,POINT (984067.9786986113 202387.5844478607)
162,Soundview,The Bronx,11820,2945,1151,37866,18500,19366,10597,3863,23469,941,9498,2441,28503,14332,2524,488,9676,1067,337,44.9,14917,12543,1504,841,29,1889,43345,14966,21422,31348,6298,37386,POINT (1021408.447652698 238422.5314066857)
164,South Jamaica,Queens,12166,2660,1284,41606,19779,21827,10899,4241,7389,163,27053,2781,32122,17096,6099,850,9166,634,201,48.6,17607,13286,3313,998,10,1108,63738,20009,29255,35319,6255,41485,POINT (1042363.452658609 193249.5344825238)
165,South Ozone Park,Queens,22105,2799,1083,85411,42136,43275,18459,8906,18821,4553,18923,22174,69511,39837,15242,3176,18422,1415,838,47.1,40829,32948,5150,2669,62,1219,79339,22153,29010,74159,11220,85173,POINT (1036995.678945363 182904.2812229395)
168,Springfield Gardens,Queens,16406,4880,1935,49477,20564,28913,11371,6893,3418,725,43412,879,39367,22331,9975,1067,9769,695,702,50.1,23608,17324,5366,918,0,827,74647,25869,35635,45566,3752,48707,POINT (1050714.250261441 182093.0184097737)
169,Spuyten Duyvil,The Bronx,13171,4915,2069,31508,14792,16716,6242,6404,12297,13851,2910,1649,25714,14735,4094,844,7567,1111,796,44.2,15282,11929,2502,851,0,863,94681,40470,44776,28215,2210,30414,POINT (1007149.011932775 260404.6265500188)
170,St. Albans,Queens,15717,2890,1301,54626,25068,29558,12614,7175,3724,580,47742,829,43580,25965,12042,1118,11374,539,649,50.2,26609,19557,6260,779,13,645,83969,26321,35668,48866,5260,53834,POINT (1051169.998693779 192373.8082156032)
171,Stapleton-Rosebank,Staten Island,9317,2667,982,26247,12912,13335,6092,3239,8511,9594,5081,2301,20812,11309,4579,863,4938,442,360,41.6,11543,8952,2004,581,6,1052,70987,25637,33598,22523,3128,25556,POINT (962625.6163996905 167692.6328405142)
172,Starrett City,Brooklyn,6408,3216,1832,12388,4869,7519,2213,3607,2208,2759,6816,306,10433,4074,1394,120,2375,185,0,52.3,4328,2680,1582,66,0,1064,35486,18908,29665,11666,699,12347,POINT (1017724.75423269 175233.582653597)
173,Steinway,Queens,19715,6010,1738,48179,23909,24270,7053,6156,10184,30027,846,5986,41838,26835,5288,1286,16892,1829,1173,38.9,27708,22547,3201,1925,35,1065,86460,37056,41156,42942,5201,48145,POINT (1011312.359249115 221981.5875826031)
175,Stuyvesant Town,Manhattan,10480,4454,1794,21462,8570,12892,2220,3712,1778,15874,728,2456,19278,13108,557,504,7893,2361,833,30.7,13428,10657,1829,942,0,759,115504,60652,61074,20404,1041,21462,POINT (991441.6191350222 205600.4868146926)
178,Sunset Park,Brooklyn,36677,5846,2123,129227,66741,62486,31727,10898,59395,18844,2862,46385,100325,57412,5545,3673,37014,8712,991,43,59360,51910,3682,3715,53,3213,58561,17683,20472,102483,24468,126594,POINT (981387.1641783565 174304.9467156082)
179,Todt Hill-Emerson Hill-Heartland Village-Lighthouse Hill,Staten Island,11603,2716,1340,32276,15561,16715,6443,6052,3323,22789,700,4981,26686,14395,9012,1288,3214,257,480,41.5,14674,11364,2613,687,10,558,117984,42579,46723,29544,2184,31653,POINT (953333.0011266917 156824.2129763514)
180,Turtle Bay-East Midtown,Manhattan,28991,16204,5023,49628,22825,26803,4199,11385,3207,36919,917,7568,45690,32689,2319,542,12522,12733,2937,27.2,33268,28634,2083,2480,71,1284,202545,121005,90289,47857,1744,49119,POINT (993196.8944958597 213267.636834681)
181,University Heights,The Bronx,19072,5897,1618,55575,24958,30617,15731,4448,37471,585,16229,959,41746,20189,2921,846,13712,1551,643,42.5,20629,17123,2434,1045,27,4620,35107,13191,21000,48338,7172,55064,POINT (1009031.908429444 251054.6527959406)
182,Upper East Side,Manhattan,28854,12312,5681,58593,25816,32777,10017,16305,4130,49005,602,3598,49438,29828,2403,548,14325,5566,3807,27.4,30269,25130,1614,3431,94,1231,302939,151052,93707,57516,1077,58264,POINT (995188.0522589386 221865.3279726058)
183,Upper West Side,Manhattan,65676,30900,10336,134019,60289,73730,21240,25375,21966,88180,9655,10607,114942,73471,4386,1352,51982,6039,6161,32.3,75460,60555,6240,8546,119,4607,176267,88477,66924,125732,7172,132678,POINT (990602.6700255275 226242.7785352767)
185,Van Nest-Morris Park-Westchester Square,The Bronx,9430,2516,721,29509,14837,14672,7685,3068,15483,7212,3156,3149,22731,12631,3503,765,6629,1078,413,42,12899,10625,1660,614,0,827,61485,20986,27943,25029,3929,28783,POINT (1021242.800674275 246654.9437476099)
188,Washington Heights,Manhattan,55143,17582,6161,165999,82149,83850,27760,21177,114695,30555,13130,5031,141322,78561,6012,3279,52974,9633,4655,39.6,81406,67086,8141,6073,106,6901,60773,23098,25435,142885,21297,162375,POINT (1001706.475245684 249654.8376821876)
189,West Brighton,Brooklyn,8132,3405,2056,15754,6943,8811,1440,5559,429,14931,177,149,14457,6809,1821,396,3688,603,189,42.7,7109,5592,1169,332,16,1152,58592,30666,38568,14821,923,15754,POINT (954500.1867844462 169505.1092024297)
191,West Farms,The Bronx,11865,3097,1260,35752,17105,18647,9474,3741,23099,1182,8977,1528,27277,13360,2702,572,8588,744,461,43.8,13851,11392,1443,980,36,2134,39917,14513,20797,30093,5629,35527,POINT (1018078.105560109 245144.3608107716)
193,West Village,Manhattan,36906,21092,4974,66772,33233,33539,5498,9849,4032,53660,1339,5741,61658,42519,2040,655,21583,10788,3986,24.2,42819,36480,1965,4306,68,1593,192741,109577,87490,64364,2327,62359,POINT (982537.2947521061 206850.7346422672)
194,Westchester-Unionport,The Bronx,9073,2362,807,28437,13282,15155,6766,3407,18093,1121,4304,3612,22508,11520,2670,802,7032,633,212,46,11755,8972,2014,767,2,1161,57590,19809,28475,24752,3457,28076,POINT (1027914.23877494 245577.0472813547)
195,Westerleigh,Staten Island,9067,2376,1068,24131,11954,12177,5124,3812,3758,17293,861,1580,19640,10827,6606,909,2869,264,130,37.6,10967,7931,2665,371,0,782,97239,36982,51033,22891,1229,24092,POINT (947316.5102069378 165584.4349571913)
196,Whitestone,Queens,11094,2660,1368,31090,15206,15884,6293,6533,4431,19142,170,6570,25359,13966,8587,1505,3146,401,254,37.9,14317,11350,2415,523,29,337,98714,36322,47102,28180,2676,30885,POINT (1035705.319977522 223976.7164663523)
197,Williamsbridge-Olinville,The Bronx,21483,6089,2138,65043,30020,35023,16285,7851,16401,1526,45020,784,50582,26222,8126,1160,14493,1284,655,45.8,27005,21731,3971,1271,32,3014,53405,19287,30416,56433,7965,64233,POINT (1023670.014979944 260296.1372656822)
198,Williamsburg,Brooklyn,8315,1235,751,33767,17336,16431,16185,2557,2748,29533,1238,114,18882,8648,1335,665,1773,4330,446,23,8712,7929,422,317,44,1328,43748,11026,17270,32273,1304,33415,POINT (995862.5814216882 196911.0314245969)
199,Windsor Terrace,Brooklyn,9135,2720,989,22031,10214,11817,4757,2591,2881,14870,1055,2580,17522,12071,1597,238,8037,746,930,39.8,12351,9164,1965,1222,0,529,118325,49947,56494,20853,1149,21947,POINT (989778.8311220258 178620.0972060263)
200,Woodhaven,Queens,17324,2770,969,62821,30752,32069,14595,6375,33923,9801,2169,15003,50024,29125,8384,1720,16665,1513,604,46.6,30049,24746,3826,1448,29,939,79620,23431,30178,54394,8413,62611,POINT (1023599.198520526 190652.6994531006)
201,Woodlawn,The Bronx,14863,3777,1439,44064,20502,23562,9164,6194,7687,7179,26165,1937,35865,20339,7672,1200,9894,953,411,44.5,21049,16597,3695,700,57,1242,70825,25921,34704,39488,4539,43905,POINT (1020931.581808522 266570.7917111069)
202,Woodside,Queens,16022,4708,1555,45702,23401,22301,8852,6341,16065,10245,400,18007,37798,21994,3944,837,15366,1100,417,38.3,22264,18258,2018,1980,8,1002,67859,25064,32873,36854,8599,45412,POINT (1011448.49545978 211206.9811791033)
203,Yorkville,Manhattan,44045,22432,6878,81278,34968,46310,10496,13634,8403,60628,2494,7253,71542,50911,3185,790,33132,6404,3775,33.8,51420,44168,3027,4140,85,1878,150969,83462,72077,76767,4096,80925,POINT (998896.5064561963 221973.405184269)
