"zcta","medincome","total_pop1","median_rent","total_hholds1","over16total_industry1","total_commute1","drove_commute","pubtrans_bus_commute","taxi_commute","bicycle_commute","walked_commute","workhome_commute","unemployed","hisplat_raceethnic","nonhispLat_white_raceethnic","nonhispLat_black_raceethnic","nonhispLat_amerindian_raceethnic","nonhispLat_asian_raceethnic","age65_plus","not_insured","snap_hholds","fpl_150","not_quarantined_jobs","Positive","Total","modzcta_cum_perc_pos","total_res_volume_zcta","essentialworker_drove","essentialworker_pubtrans","grocers","pop_density","avg_hhold_size","pos_per_100000","testing_ratio","res_vol_zctadensity","res_vol_popdensity","pubtrans_ferrysubway_commute","grocers_per_1000","valid_var","didnot_workhome_commute","one_over_grocers_per_1000","one_over_medincome","Borough","Neighborhood"
"10001",88526,22924,2065,12431,14360,14265,4.08,2.93,2.24,3.74,32.21,6.44,4.76,14.16,53.14,5.62,0.16,25,736,4.31,9.67,18.79,12.08,365,2373,15.4,189531659.342359,0.63,6.3,4,0.0012433945343379,1.84,1592,0.103515965800035,10.2801705335143,0.000120950769278031,44.25,0.174489617867737,"0",0.15527950310559,5.731,1.12961163951833e-05,NA,NA
"10002",35859,74993,963,33540,33532,32804,8.64,6.04,1.13,4.94,25.56,4.24,7.54,27.19,21.96,7,0.44,41.13,1110,5.9,32.61,42.31,18.73,1053,5047,20.9,273144173.767362,1.46,10.15,9,0.00305449939209828,2.24,1404,0.0672996146306989,11.1252878632351,0.000274554638913411,47.48,0.120011201045431,"0",0.235849056603774,8.33255555555556,2.78870018684291e-05,NA,NA
"10003",112131,54682,2298,26124,32394,32054,5.89,2.7,2.83,4.3,27.06,7.68,6.01,8.24,70.45,5.41,0.1,13.47,1778,3.9,2.36,9.08,12.95,450,3697,12.2,276846549.492187,1.01,5.85,12,0.00339112757689663,2.09,823,0.0676090852565744,17.1687569685021,0.000197517361514174,46.9,0.219450641893128,"0",0.130208333333333,4.55683333333333,8.91814038936601e-06,NA,NA
"10004",157645,3028,3235,1659,2076,2065,8.47,0.53,0.77,0.29,24.36,11.77,4.67,3.7,60.57,1.55,0,29.69,78,4.92,0,3.14,12.25,31,256,12.1,4856795.38465288,1.88,5.3,1,0.000736485921151513,1.83,1024,0.0845442536327609,1.1812950537353,0.000623456365810316,51.96,0.330250990752972,"0",0.0849617672047579,3.028,6.34336642456151e-06,NA,NA
"10005",173333,8831,3226,4374,6762,6697,1.81,0.91,1.08,0,29.91,4.36,3.24,6.88,69.44,2.48,0,16.95,8,2.68,0,11.06,8.69,61,567,10.8,48242664.9013685,0.44,5.94,1,0.0042437429899918,2.02,691,0.0642056392254558,23.183045067796,0.000183053735071536,61.14,0.113237458951421,"0",0.229357798165138,8.831,5.76924186392666e-06,NA,NA
"10006",176250,3454,3229,1794,2647,2574,4.9,0,0.62,1.24,29.68,7.03,0.6,11.99,63.2,1.04,0,19.89,16,2.08,0,5.56,11.55,24,258,9.3,27913078.76907,0,9.6,0,0.00127403007360281,1.93,695,0.0746960046323104,10.295918297232,0.000123741276574167,54.74,0,"0",0.142247510668563,0,5.67375886524823e-06,NA,NA
"10007",246813,7023,3394,2731,3813,3813,6.19,1.97,5.59,2.31,25.54,4.67,2.88,8.26,71.99,4.19,0,11.76,107,0.58,2.31,4.29,11.22,58,611,9.5,39804959.2421893,1.81,4.62,2,0.00138756020565206,2.57,826,0.0869998576107077,7.86441370241551,0.000176435301874554,50.56,0.284778584650434,"0",0.214132762312634,3.5115,4.05165043980665e-06,NA,NA
"10009",61548,57925,1642,29728,32075,31458,5.08,9.92,2.16,6.92,20.45,6.02,4.18,24.77,51.23,8.52,0.07,12.82,1782,5.61,16.49,30.54,14.43,689,4627,14.9,262502455.594997,1.37,8.16,6,0.00342481992571946,1.95,1189,0.0798791540785499,15.5204771769017,0.000220664602427072,48.38,0.103582218385844,"0",0.166112956810631,9.65416666666667,1.62474816403457e-05,NA,NA
"10010",117923,33730,2590,16390,20602,20577,5.51,8.91,2.41,3.65,25.6,6.84,4.17,10.98,63.95,5.12,0.68,17.12,1310,3.55,4.91,14.67,13.62,267,2771,9.6,192460847.867346,1.46,6.31,8,0.00320606774697421,2.06,792,0.0821523865994663,18.2935818826804,0.00017525642422218,44.48,0.237177586718055,"0",0.146198830409357,4.21625,8.48010990222433e-06,NA,NA
"10011",128613,50472,2115,29128,33579,32943,6.3,1.79,3.14,2.63,24.96,7.03,3.86,11.3,71.48,4.72,0,9.17,2755,3.69,6.92,14.01,12.29,521,3829,13.6,268472660.642911,0.74,6.29,10,0.00290778531980649,1.73,1032,0.0758638453003646,15.4672067955866,0.00018799679594613,51.76,0.198129656046917,"0",0.142247510668563,5.0472,7.77526377582359e-06,NA,NA
"10012",109037,23411,2280,12041,14756,14604,4.62,1.2,2.24,4.72,28.09,8.61,3.54,6.38,69.76,2.55,0.11,17.32,984,5.08,4.52,14.54,13.97,162,1412,11.5,122980330.702954,0.47,5.46,5,0.00260230362394997,1.94,692,0.0603135278287984,13.6701619009381,0.000190363774972657,47.62,0.213574815257785,"0",0.116144018583043,4.6822,9.17119876739089e-06,NA,NA
"10013",105442,28709,1571,11986,15686,15346,6.33,0.62,3.37,2.86,31.26,9.67,3.67,6.02,52.39,3.64,0.21,33.25,908,4.93,15.58,18.05,11.74,261,1999,13.1,175588134.409237,0.76,5.85,14,0.00190008475559925,2.4,909,0.0696297328363928,11.6211758492147,0.000163501936486715,42.88,0.487651955832666,"0",0.103412616339193,2.05064285714286,9.48388687619734e-06,NA,NA
"10014",126601,30738,2313,18229,20523,20338,6.75,1.57,3.71,4.24,20.79,10.47,5.54,6.66,83.89,1.01,0,5.61,1374,3.5,3.24,8.79,10.23,299,2369,12.6,190396691.737888,1.14,5.41,2,0.00218437774086522,1.69,973,0.0770707267876895,13.5304279838187,0.000161441880735595,50.14,0.0650660420326631,"0",0.0955109837631328,15.369,7.89883176278228e-06,NA,NA
"10016",117004,51057,2550,28916,34555,34235,4.44,6.13,3,0.79,44.62,5.93,3.85,6.94,66.27,3.49,0.06,19.09,2209,3.45,3.96,12.95,11.14,686,5063,13.5,322931970.125817,0.63,4.07,5,0.00343979632190935,1.77,1344,0.0991636798088411,21.7564722381989,0.000158104507212797,30.83,0.097929764772705,"0",0.168634064080944,10.2114,8.54671635157772e-06,NA,NA
"10017",127506,15801,2309,9905,10959,10930,6.38,3.63,1.78,0.74,43.49,8.14,3.01,5.9,68.51,2.24,0,21.21,1202,3.87,1.97,10.56,11.92,143,1293,11.1,98302219.0422318,1.93,5.42,3,0.00155856407334772,1.6,905,0.0818302639073476,9.69624118281,0.000160738996066932,30.86,0.189861401177141,"0",0.122850122850123,5.267,7.84276818345803e-06,NA,NA
"10018",108914,9687,3163,5095,6657,6546,2.52,3.88,2.92,0.79,42.97,5.16,3.8,15.19,47.6,4.46,0,29.6,154,6,5.1,19.15,10.95,204,1247,16.4,85246917.6097558,0.56,5.29,2,0.00111732191535829,1.9,2106,0.12872922473418,9.83258483143626,0.000113634607228208,38.59,0.206462269020337,"0",0.193798449612403,4.8435,9.18155609012615e-06,NA,NA
"10019",98833,43703,2139,25428,28937,28653,6.22,4.4,2.46,2.38,35.99,7.39,5.63,16.77,56.71,5.33,0.16,17.28,1885,4.46,8.81,17.5,11.06,598,4008,14.9,314184068.859429,0.76,5.68,12,0.00225823063395422,1.72,1368,0.0917099512619271,16.2345854746526,0.000139099987337529,37.68,0.274580692400979,"0",0.13531799729364,3.64191666666667,1.01180779699088e-05,NA,NA
"10021",118289,46215,2149,24996,26342,25695,13.29,6.61,5.93,1.66,26.11,6.88,2.14,7.93,79.29,0.58,0.34,9.38,3144,4.12,1.64,6.29,18.4,561,4291,13.1,361213477.001932,3.72,4.65,4,0.00434906008920783,1.85,1214,0.0928486422157308,33.9919748244747,0.000127943731179645,36.58,0.0865519852861625,"0",0.145348837209302,11.55375,8.45387145043072e-06,NA,NA
"10022",135363,31125,2514,18049,19791,19573,7.15,6.31,4.85,0.54,38.23,9.54,2.52,5.42,78.78,1.2,0.2,12.21,2905,1.36,0.77,5.81,12.7,338,2804,12.1,304400380.957897,1.4,5.78,4,0.00252659356416413,1.72,1086,0.0900883534136546,24.7099130428059,0.00010225020054855,30.53,0.1285140562249,"0",0.10482180293501,7.78125,7.38754312478299e-06,NA,NA
"10023",130452,62435,2321,33693,35596,34818,7.96,5.59,4.58,2.62,17.55,8.99,4.68,10.51,72.46,3.76,0.08,10.63,4502,2.93,3.66,11.28,14.48,558,4722,11.8,359870115.451854,1.54,8.2,4,0.00454428404253591,1.85,894,0.0756306558821174,26.1928729564093,0.000173493150220619,47.22,0.0640666292944662,"0",0.111234705228031,15.60875,7.66565480023304e-06,NA,NA
"10024",131668,59001,2174,28751,34684,33932,6.37,5.9,4.15,1.86,8.45,10.38,2.67,10.88,76.79,2.93,0,7.24,3624,3.66,4.54,11.54,14.89,691,4880,14.2,402726477.745362,0.84,9.81,5,0.00248485946041489,2.05,1171,0.0827104625345333,16.961046392182,0.000146503900936222,59.79,0.0847443263673497,"0",0.0963391136801541,11.8002,7.59485979888811e-06,NA,NA
"10025",85930,92805,1531,41910,47943,46587,8.08,4.73,2.36,1.72,11.27,9.73,7.16,23.42,54.6,9.91,0.05,8.91,4654,4.33,12.48,20.38,19.31,1338,8539,15.7,446473227.39851,1.48,11.25,10,0.00443062812227763,2.21,1442,0.092010128764614,21.3151967798707,0.000207862407653762,59.99,0.107752815042293,"0",0.102774922918808,9.2805,1.16373792621902e-05,NA,NA
"10026",58884,39363,1163,15458,19622,19310,6.42,7.02,1.23,1.09,6.25,5.45,7.5,21.31,19.67,50.29,0.05,5.86,555,5.85,14.53,32.3,20.92,639,3141,20.3,142435796.366464,1.65,15.15,4,0.00423928601044569,2.55,1623,0.0797957472753601,15.3399405259518,0.000276356091685867,70.69,0.10161827096512,"0",0.18348623853211,9.84075,1.69825419468786e-05,NA,NA
"10027",46113,64548,1193,23811,27326,26789,9.89,6.3,0.81,1.66,14.93,6.85,5.95,25.45,25.09,36.75,0.13,9.48,994,7.32,12.25,32.77,22.24,1026,4767,21.5,302125622.988921,2.7,12,9,0.00265618620658954,2.71,1590,0.0738520171035508,12.4326379196945,0.000213646228881312,57.42,0.139431121026213,"0",0.145985401459854,7.172,2.16858586515733e-05,NA,NA
"10028",125140,47793,2329,25318,30805,30326,8.14,11.95,4.75,1.5,15.71,6.65,2.67,7.39,80.95,0.82,0.02,9.43,3160,3.06,1.36,6.99,14.05,468,3707,12.6,355619452.824647,1.65,7.54,6,0.00545682108915671,1.89,979,0.0775636599502019,40.6032626093341,0.000134393660471567,49.08,0.125541397275752,"0",0.150375939849624,7.9655,7.99105002397315e-06,NA,NA
"10029",34016,79597,923,31690,32257,31643,7.29,11.75,0.93,1.15,15.78,4.22,12.07,47.89,15.47,25.83,0.05,9.29,814,7.4,33.9,45.35,20.87,1812,7494,24.2,390235304.155227,1.93,13.14,9,0.00352212050265424,2.51,2276,0.0941492769828009,17.2676830235391,0.000203971806631668,56.73,0.113069588049801,"0",0.23696682464455,8.84411111111111,2.93979303857008e-05,NA,NA
"10030",37232,29882,988,12736,14041,13617,11.13,9.11,0.29,0.4,9.1,4.95,14.13,25.62,10.77,57.22,0.07,1.79,417,8.26,33.52,40.85,22.08,500,2257,22.2,121555659.465236,3.31,13.27,3,0.00388934385902016,2.35,1673,0.0755304196506258,15.8212889923787,0.000245829771575103,61.49,0.100394886553778,"0",0.202020202020202,9.96066666666667,2.68586162440911e-05,NA,NA
"10031",49891,60254,1365,21959,33604,32650,8,7.08,0.64,1.31,5.37,5.59,7.38,51.37,17.4,23.72,0.1,3.78,861,12.2,27.67,36.59,18.79,1312,5630,23.3,223299127.628236,1.87,13.23,5,0.0033346113778116,2.74,2177,0.0934377800643941,12.3579482133057,0.000269835357800031,70.1,0.0829820426859628,"0",0.178890876565295,12.0508,2.00436952556573e-05,NA,NA
"10032",50391,64264,1219,21222,34416,33329,10.62,6.58,0.71,2.18,13.3,5.34,9.31,66.28,14.06,13.6,0.11,4.49,1240,13.33,32.9,36.25,22.68,1511,6281,24.1,248391655.435619,2.36,12.5,4,0.00353166080273177,3.03,2351,0.0977374579858085,13.6504897489672,0.00025872044649526,59.07,0.0622432466077431,"0",0.187265917602996,16.066,1.98448135579766e-05,NA,NA
"10033",58614,59607,1412,19652,30019,29082,14.1,9.88,0.57,0.62,10.36,4.92,10.68,68.52,23.64,4.11,0.03,2.08,1056,8.22,29.43,30.19,22.13,1344,5648,23.8,228081906.742907,2.91,13.51,7,0.00359196025685231,3.03,2255,0.0947539718489439,13.7443780818967,0.000261340326601131,58.08,0.117435871625816,"0",0.203252032520325,8.51528571428571,1.70607704643942e-05,NA,NA
"10034",54716,42910,1330,16095,21864,21186,11.4,7.69,0.66,0.24,10.48,6.54,8.46,69.74,20.11,5.43,0.03,3.02,964,9.45,30.75,33.78,20.94,707,3388,20.9,148797102.867722,2.19,13.89,6,0.00142637969409693,2.67,1648,0.0789559543230016,4.94619356958682,0.000288379270651165,60.57,0.139827546026567,"0",0.152905198776758,7.15166666666667,1.82761897799547e-05,NA,NA
"10035",30081,35743,866,14428,13896,13760,10.65,8.16,0.76,1.59,9.39,4.75,8.34,44.58,10.18,37.01,0.15,4.43,342,10.95,22.37,50.03,21.49,950,3956,24,156213183.012867,3.33,14.54,5,0.000901688574128575,2.48,2658,0.110679014072686,3.94078958819792,0.000228809113998118,62.48,0.139887530425538,"0",0.210526315789474,7.1486,3.3243575679e-05,NA,NA
"10036",91936,27428,2151,16183,19172,18858,4.63,7.05,3.02,3.12,34.18,6.08,5.03,21.54,51.41,6.29,0.14,19.02,711,5.85,10.4,21.41,12.78,416,2667,15.6,166297438.849147,0.67,7.08,4,0.00217685269386488,1.69,1517,0.0972364007583491,13.1983749358902,0.000164933387969256,38.45,0.145836371591075,"0",0.164473684210526,6.857,1.08771319178559e-05,NA,NA
"10037",45041,21139,1153,9731,8667,8534,13.21,5.84,1.7,0.23,8.72,4.97,14.39,21.37,5.9,67.81,0,2.5,310,6.74,22.18,40.64,25.76,539,2656,20.3,88331571.1480737,4.88,15.68,3,0.00294553867728004,2.17,2550,0.125644543261271,12.3082482256287,0.00023931420810532,63.17,0.141917782298122,"0",0.201207243460765,7.04633333333333,2.22019937390378e-05,NA,NA
"10038",86058,22800,2396,10210,12277,12105,6.65,1.05,0.95,2.26,29.01,5.7,6.02,14.11,44.95,6.83,0.21,31,406,4.51,17.85,26.91,12.14,250,1524,16.4,133687681.184921,1.79,6.1,5,0.00296080978666915,2.23,1096,0.0668421052631579,17.3606927547991,0.000170546753432445,52.36,0.219298245614035,"0",0.175438596491228,4.56,1.16200701852239e-05,NA,NA
"10039",39653,27726,931,11210,12001,11711,11.82,6.34,0.54,1.17,5.85,4.03,15.63,33.82,6.75,55.09,0.29,1.63,223,8.89,27.46,37.92,21.18,516,2235,23.1,105525763.412555,2.63,13.75,4,0.00229176254939986,2.47,1861,0.0806102575200173,8.72249847023451,0.000262741524945001,66.36,0.144268917261776,"0",0.248138957816377,6.9315,2.52187728545129e-05,NA,NA
"10040",47137,44571,1362,16181,21212,20114,10.51,7.67,0.89,0.32,10.68,6.12,11.77,69.48,20.98,4.89,0.05,2.82,722,7.51,32.14,34.64,20.23,1111,4378,25.4,159820627.980082,2.03,12.81,2,0.00420211958565966,2.75,2493,0.0982253034484306,15.0677658349045,0.000278881396996856,62.56,0.0448722263355096,"0",0.163398692810458,22.2855,2.12147569849587e-05,NA,NA
"10044",100441,11682,2520,4748,5339,5317,6.88,2.56,1.52,0.56,3.8,2.58,6.63,13.29,38.08,11.09,0,33.88,270,5.68,9.86,13.17,21.68,235,1036,22.7,63748819.0755057,1.14,17.42,1,0.00185275763037737,2.46,2012,0.088683444615648,10.1105213978505,0.000183250453410965,79.18,0.0856017805170348,"0",0.387596899224806,11.682,9.95609362710447e-06,NA,NA
"10065",127375,28109,2472,14844,16657,16409,7.86,6.6,4.69,1.44,33.9,8.34,2.72,6.58,80.7,2.05,0.1,9.37,1701,2.65,2.79,9.59,18.1,330,2892,11.4,272431793.791796,1.43,6.6,3,0.00265353928274536,1.89,1174,0.102885196912021,25.7180428579926,0.000103178118855988,34.76,0.106727382688819,"0",0.119904076738609,9.36966666666667,7.85083415112856e-06,NA,NA
"10069",110625,5085,3123,2552,2880,2880,3.12,3.82,5.45,7.08,15.38,7.6,3.4,1.12,61.42,2.91,0,30.15,31,1.83,2.86,13.06,11.84,54,453,11.9,50847547.5592308,0.35,8.26,1,0.0021379092298801,1.99,1062,0.0890855457227139,21.3780612081901,0.000100004823124982,51.77,0.196656833824975,"0",0.131578947368421,5.085,9.03954802259887e-06,NA,NA
"10075",137146,21556,2280,11035,12451,12436,12.26,10.44,5.97,1.45,17.18,6.59,0.91,14.24,75.9,3.14,0.42,4.86,1674,2.04,1.97,8.24,16.27,425,2546,16.7,205290486.610831,3.12,6.1,5,0.00397862219626609,1.95,1972,0.11811096678419,37.8907629760678,0.000105002430243462,43.6,0.231953980330302,"0",0.151745068285281,4.3112,7.29149956980153e-06,NA,NA
"10128",114010,59256,2198,30691,35808,35234,8.14,7.71,4.77,1.04,11.45,8.2,4,12.33,71.1,2.98,0,9.76,3320,3.07,4.91,10.9,16.91,631,4991,12.6,375576118.472596,1.17,9.64,9,0.00465657302441186,1.93,1065,0.084227757526664,29.5142706543271,0.000157773609890277,55.23,0.151883353584447,"0",0.121951219512195,6.584,8.77116042452416e-06,NA,NA
"10280",169844,9384,3332,4560,6099,6051,8.64,1.19,4.26,2.23,29.45,5.22,3.54,8.8,70.46,1.75,0,15.71,425,3.8,2.13,6.77,10.71,52,494,10.5,27961593.7958176,2.1,4.53,1,0.00310529203445237,2.06,554,0.0526427962489344,9.25286812497285,0.000335603187304853,43.43,0.106564364876385,"0",0.191570881226054,9.384,5.88775582299051e-06,NA,NA
"10282",250001,5593,3501,2231,2895,2815,8.63,0.82,1.95,6.11,31.79,4.9,3.25,7.58,66.96,0.8,0,20.79,10,1.36,1.12,5.49,4.54,71,361,19.7,17524312.802875,0.9,1.55,0,0.00311537758845356,2.51,1269,0.0645449669229394,9.76128220259731,0.000319156594778564,45.29,0,"0",0.204081632653061,0,3.999984000064e-06,NA,NA
"10301",55802,38733,1291,14489,16648,16351,47.44,21.5,0.06,0.57,6.09,3.16,5.21,24.76,42.49,21.17,0.06,5.99,932,6.18,21.08,29.96,23.22,1176,4592,25.6,301620418.124587,11.23,7.42,4,0.000394946238041497,2.67,3036,0.118555237136292,3.07551311426456,0.000128416372607775,19.76,0.103271112488059,"0",0.316455696202532,9.68325,1.79205046414107e-05,NA,NA
"10302",64103,18204,1325,6149,7773,7626,61.89,23.83,0.2,0,3.07,3.45,4.39,41.08,31.21,19.24,0.05,6.97,229,10.81,21.06,23.29,25.93,633,1987,31.9,125575926.942221,15.68,5.48,4,0.000554010382064414,2.96,3477,0.109151834761591,3.82170771607081,0.000144964090198401,4.63,0.219731927049,"0",0.289855072463768,4.551,1.55998939207213e-05,NA,NA
"10303",62558,25947,1009,8156,10564,10442,54.99,33.23,0.3,0.12,4.36,0.88,4.51,38.94,17.66,32.92,0.19,8.09,224,8.08,23.41,30.11,25.74,870,2955,29.4,132797868.467888,14.7,8.75,2,0.000303714631151242,3.18,3353,0.113885998381316,1.55442462093482,0.000195387172244216,5.52,0.0770802019501291,"0",1.13636363636364,12.9735,1.5985165766169e-05,NA,NA
"10304",52199,41064,1034,14172,16557,16367,53.82,26.43,0.14,0.77,1.75,3.2,7.3,25.24,37.84,25.17,0.24,9.54,735,6.18,25.76,24.66,26.18,1380,4909,28.1,327456426.695593,15.73,7.17,4,0.000393437006245497,2.9,3361,0.11954510033119,3.13738252958703,0.000125402944185223,12.47,0.0974089226573154,"0",0.3125,10.266,1.91574551236614e-05,NA,NA
"10305",76489,42298,1292,14663,18589,18274,57.28,25.35,0.11,0.59,3.09,2.88,6.53,16.36,62.34,6.21,0.21,12.78,689,4.78,12.75,20.81,25.62,1228,4618,26.6,269184979.069598,13.92,6.71,4,0.000377145836137279,2.88,2903,0.109177738900184,2.4001606224124,0.000157133582067608,9.41,0.0945671190127193,"0",0.347222222222222,10.5745,1.30737753140975e-05,NA,NA
"10306",79569,53142,1361,20007,24890,24576,66.86,19.31,0.34,0.01,2.08,2.27,4.57,14.71,74.62,3.11,0.05,5.83,1353,4.14,9.18,15.74,26.34,1448,6102,23.7,437863681.836362,17.32,5.01,4,0.000254208426187933,2.66,2725,0.11482443265214,2.09455115435014,0.000121366539871786,6.95,0.075270031237063,"0",0.440528634361233,13.2855,1.25677085297038e-05,NA,NA
"10307",80893,15232,1198,5314,6584,6538,76.46,14.5,0,0,1.56,1.94,5.51,9.18,87.27,0.37,0.12,2.74,151,4.36,3.44,12.47,27.07,378,1439,26.3,151031621.572455,20.44,4.1,2,0.000301825860190897,2.87,2482,0.0944721638655462,2.99272906362475,0.000100853052105335,2.72,0.131302521008403,"0",0.515463917525773,7.616,1.23620090737147e-05,NA,NA
"10308",93963,30186,1664,10648,13831,13634,68.98,18.41,0.03,0.45,1.25,2.08,6.9,9.57,83.71,1.03,0.17,4.98,629,2.78,4.16,10.57,25.43,631,2662,23.7,210348735.013125,17.29,4.78,2,0.000550613905501864,2.83,2090,0.0881865765586696,3.83690911359416,0.000143504547332393,6.13,0.0662558802093686,"0",0.480769230769231,15.093,1.06424869363473e-05,NA,NA
"10309",103175,33531,1389,11464,16124,15839,72.91,18.99,0.09,0.09,1.24,1.58,2.96,9.27,85.04,0.58,0.49,3.6,859,2.51,5.73,12.79,25.57,838,3365,24.9,309366162.049647,16.43,4.53,6,0.000180192354720116,2.92,2499,0.100354895469864,1.66250386837407,0.000108386126581675,3.66,0.178938892368256,"0",0.632911392405063,5.5885,9.69227041434456e-06,NA,NA
"10310",72093,23262,1237,8346,9976,9838,58.08,21.86,0,0.23,6.04,3.21,4.93,31.6,41.6,18.86,0,6.23,520,8.44,19.53,27.08,26.92,718,2865,25.1,188885348.27172,16.26,6.19,0,0.000474290390255448,2.79,3087,0.123162238844467,3.85119532049395,0.00012315407316049,9.7,0,"0",0.311526479750779,0,1.38709722164427e-05,NA,NA
"10312",95064,61741,1238,21382,28609,28178,72.81,16.18,0.07,0,0.92,3.41,4.82,10.1,82,1.21,0.02,5.44,1751,2.8,4.32,11.89,26.47,1494,5966,25,535585469.196752,18.69,4.14,2,0.000286913657842479,2.89,2420,0.0966294682625808,2.48889370198928,0.000115277586026739,4.84,0.0323933852707277,"0",0.293255131964809,30.8705,1.05192291508878e-05,NA,NA
"10314",86742,90761,1401,31362,41148,40549,67.64,24.45,0.25,0.09,2.37,2.18,4.77,15.12,62.47,3.69,0.06,16.42,2645,4.3,7.72,14.91,25.95,2639,10151,26,576891505.017848,17.13,4.46,10,0.00022664865690401,2.89,2908,0.111843192560681,1.44061529502351,0.000157327676366446,2.32,0.110179482376792,"0",0.458715596330275,9.0761,1.15284406631159e-05,NA,NA
"10451",28921,47798,1042,19123,18857,18331,17.61,13.79,0.8,0.06,10.61,2.92,9.39,59.07,2.64,35.38,0,1.17,619,9.78,39.46,49.3,27.13,1603,5575,28.8,185797038.213281,5.14,16.34,11,0.00165623828153819,2.5,3354,0.116636679358969,6.43801345841352,0.00025725921392316,52.53,0.230135152098414,"0",0.342465753424658,4.34527272727273,3.45769510044604e-05,NA,NA
"10452",28277,76078,1139,26126,30533,29714,15.95,15.3,1.3,0.47,8.63,3.15,11.51,68.12,1.9,27.03,0.12,1.35,674,11.84,47.28,53.47,25.1,2393,8242,29,301312634.446709,4.71,15.08,10,0.00275718532396695,2.91,3145,0.108336181287626,10.9200396122701,0.00025248858263013,52.94,0.131444044270354,"0",0.317460317460317,7.6078,3.53644304558475e-05,NA,NA
"10453",25275,79606,1130,27266,30652,29995,19.85,17.61,1.14,0.49,7.13,4.88,13.6,69.15,1.18,27.41,0.06,1.31,824,9.48,52.7,56.11,27.65,2353,7825,30.1,309137217.315681,5.96,15.86,12,0.00308878924629896,2.92,2956,0.0982966108082305,11.9948208988702,0.00025751024315752,45.73,0.15074240635128,"0",0.204918032786885,6.63383333333333,3.95647873392681e-05,NA,NA
"10454",21149,38203,730,13167,13416,12896,13.59,9.84,0.79,0.96,9.55,1.79,14.14,67.94,2.32,28.15,0.36,0.34,205,14.22,54.84,61.71,22.63,1126,4202,26.8,137450467.839918,3.94,12.95,2,0.00131109947306008,2.9,2947,0.109991361934927,4.71720116108099,0.000277940123452278,60.88,0.0523519095359003,"0",0.558659217877095,19.1015,4.72835595063596e-05,NA,NA
"10455",26801,42283,974,14401,15827,15455,17.62,13.32,1.32,0.69,7.89,3.39,14.51,71.83,1.33,24.33,0.2,1.23,177,12.15,50.7,54.88,25.08,1266,4237,29.9,145644602.497532,5.56,13.92,5,0.00211898255160904,2.94,2994,0.100205756450583,7.29887594135482,0.000290316285498575,55,0.118250833668377,"0",0.294985250737463,8.4566,3.73120405955002e-05,NA,NA
"10456",27106,94218,1019,30774,34566,33403,18.76,23.22,0.95,0.2,9.26,3.03,15.39,61.53,1.2,34.32,0.84,0.83,874,10.14,49.7,53.06,28.86,2477,9067,27.3,315897631.333753,6.33,17.43,11,0.00332151518174644,3.06,2629,0.0962342652147148,11.1365002266319,0.000298254847946158,41.57,0.116750514763633,"0",0.33003300330033,8.56527272727273,3.6892200988711e-05,NA,NA
"10457",27420,74554,1154,24634,27939,26845,20.25,18.87,1.05,0.19,7.34,4.43,13.76,66.57,1.41,29.46,0.12,0.91,845,10.94,50.98,53.81,25.54,2082,7495,27.8,274671378.528466,5.82,14.29,6,0.00251994537064907,3.03,2793,0.10053115862328,9.28396690684079,0.000271429809685371,45.22,0.0804785792848137,"0",0.225733634311512,12.4256666666667,3.64697301239971e-05,NA,NA
"10458",33932,83960,1222,27282,34515,33196,17.03,18.82,0.53,0.1,11.45,3.49,15.22,69.75,8.33,17.41,0.09,2.78,862,11.77,46.8,47.46,24.35,2034,7256,28,286716777.27329,4.55,14.37,8,0.00299718116467881,3.08,2423,0.0864221057646498,10.2351372610876,0.000292832532502874,44.67,0.0952834683182468,"0",0.286532951289398,10.495,2.94707061181186e-05,NA,NA
"10459",27687,48351,1020,16382,18237,17776,21.25,12.5,1.25,0.23,7.64,3.33,10.26,67.9,1.64,28.88,0.2,0.74,302,10.39,46.99,51.92,25.53,1483,4844,30.6,165321785.462172,4.55,15.33,6,0.00212366959353608,2.95,3067,0.100184070650038,7.26125310614278,0.00029246599209433,51.63,0.124092573059502,"0",0.3003003003003,8.0585,3.61180337342435e-05,NA,NA
"10460",26866,59505,1053,20443,23220,22351,25.81,20.29,1.02,0.3,5.44,3.17,16.8,69.51,2.59,25.28,0,1.49,836,9.3,50.32,52.85,29.03,1635,5550,29.5,226443496.035191,8.06,15.61,7,0.00162551987474748,2.91,2748,0.0932694731535165,6.18583990105884,0.000262780786562103,42.57,0.117637173346778,"0",0.315457413249211,8.50071428571429,3.72217672895109e-05,NA,NA
"10461",56612,50348,1373,18927,23737,23203,41.81,8.4,0.52,0.39,8.73,2.36,8.45,46.61,33.28,7.67,0.16,10.69,975,7.52,16.32,23.93,26.66,1867,6679,28,266164454.383023,10.18,9.9,4,0.000756552250685703,2.66,3708,0.132656709303249,3.99950975244315,0.000189161246631178,35.03,0.0794470485421467,"0",0.423728813559322,12.587,1.76640994842083e-05,NA,NA
"10462",52409,76756,1342,29543,36847,36266,26.65,14.79,1.35,0.21,6,2.52,11.67,47.53,11.61,24.82,0.34,12.54,1371,7.6,24.54,30.04,27.68,2263,8315,27.2,232962717.733473,7.45,15.32,11,0.00186055513073762,2.6,2948,0.108330293397259,5.64698498813894,0.000329477612326856,45.79,0.143311272082964,"0",0.396825396825397,6.97781818181818,1.90806922475147e-05,NA,NA
"10463",58551,71360,1326,28682,33312,32095,29.07,12.13,1.34,0.6,6.67,4.92,8.3,51.11,31.65,11.18,0.13,3.61,2927,5.37,20.76,23.84,24.54,2009,8365,24,463602216.043012,8.05,10.51,7,0.0016328834162887,2.49,2815,0.117222533632287,10.6083011537461,0.000153925062328389,38.78,0.0980941704035874,"0",0.203252032520325,10.1942857142857,1.70791275981623e-05,NA,NA
"10464",93365,4434,1186,1893,2411,2389,65.76,5.15,0,0,4.9,6.53,6.35,25.19,66.89,1.87,0,5.53,164,5.25,10.99,11.8,22.58,118,555,21.3,42814951.6257653,13.65,3.48,1,4.84528165510701e-05,2.34,2661,0.125169147496617,0.467863102563407,0.000103561952813972,13.94,0.2255299954894,"0",0.153139356814701,4.434,1.07106517431586e-05,NA,NA
"10465",74796,44205,1356,15994,20282,19614,60.06,15.79,0.68,0,3.85,3.36,7.07,44.27,42.75,8.86,0.1,2.84,971,6.06,13.5,17.8,27.15,1478,5750,25.7,250629201.182263,14.32,6.1,2,0.000467915280500804,2.76,3344,0.130075783282434,2.65294045861081,0.000176376095807979,14.56,0.0452437507069336,"0",0.297619047619048,22.1025,1.33696989143804e-05,NA,NA
"10466",51477,72479,1281,23704,32677,31545,41.72,13.16,0.79,0.51,5.47,1.96,11.3,22.04,2.86,69.06,0.26,2.99,1473,9.4,27.83,28.59,29.77,2385,7678,31.1,305463410.523048,11,13.25,8,0.00128799339730649,3.06,3291,0.105934132645318,5.42825999078915,0.000237275554135579,32,0.110376798796893,"0",0.510204081632653,9.059875,1.94261514851293e-05,NA,NA
"10467",37015,103732,1285,36732,43702,42240,24.04,15.08,0.45,0.7,8.56,2.98,14.3,52.33,9.39,30.45,0.26,5.7,1530,9.73,36.09,40.03,25.32,3373,11067,30.5,409376370.493837,6.12,13.79,10,0.00158873163919395,2.82,3252,0.106688389310917,6.26989928027942,0.000253390296745429,45.02,0.0964022673813288,"0",0.335570469798658,10.3732,2.70160745643658e-05,NA,NA
"10468",36046,78647,1236,26338,35074,34042,15.86,16.03,0.67,0.58,8.33,4.2,11.96,75.77,2.95,16.23,0.56,2.83,1175,12.25,41.6,44.06,24.62,2739,9658,28.4,284884027.398048,4.94,15.04,6,0.00262967096194982,2.99,3483,0.122801886912406,9.5254905383799,0.000276066723425361,52.57,0.0762902590054293,"0",0.238095238095238,13.1078333333333,2.77423292459635e-05,NA,NA
"10469",63652,73870,1379,22450,33851,32752,45.7,12.2,0.85,0.19,4.65,1.88,9.62,28.99,10.7,51.87,0.34,6.44,1634,7.42,18.35,22.04,31.19,2988,9735,30.7,314706464.375625,13.95,11.95,3,0.00112402029390009,3.29,4045,0.131785569243265,4.78863479869702,0.000234726668696042,31.54,0.0406118857452281,"0",0.531914893617021,24.6233333333333,1.57104254383209e-05,NA,NA
"10470",57160,15432,1380,6076,7454,7254,39.9,9.8,0.91,0,5.14,2.62,7.39,21.09,36.22,37.03,0,3.48,387,8.24,18.73,25.52,27.11,450,1793,25.1,95713079.343413,11.85,11.22,1,0.000383974947873926,2.54,2916,0.116187143597719,2.38150755908113,0.000161231882892733,31.62,0.0648004147226542,"0",0.381679389312977,15.432,1.74947515745276e-05,NA,NA
"10471",85707,21896,1548,8598,10020,9802,43.58,12.77,0.36,0.24,6.19,6.12,7.74,22.85,58.54,10.39,0,5.76,945,4.18,6.43,12.29,24.8,791,3635,21.8,180803468.577381,11.39,7.96,1,0.000307092105359769,2.55,3613,0.166012056996712,2.53577447121743,0.000121103871359796,22.37,0.0456704420898794,"0",0.163398692810458,21.896,1.16676584176322e-05,NA,NA
"10472",30977,68796,1173,21887,26346,25484,21.85,13,1.07,0.65,6.48,2.88,12.44,64.54,2.61,23.76,0.34,6.52,619,13.83,41.03,50.18,24.73,1944,6011,32.3,237980168.236399,6.43,13.8,4,0.00233637432848999,3.14,2826,0.0873742659456945,8.08202156749302,0.000289082911865417,52.71,0.0581429152857724,"0",0.347222222222222,17.199,3.22820156890596e-05,NA,NA
"10473",41638,59609,964,20935,22785,22451,41.56,19.75,0.9,0.05,5.34,1.47,10.38,60.84,2.58,33.42,0.27,1.54,668,6.38,30.83,35.01,32.81,1918,6637,28.9,243799184.051828,14.07,14.29,6,0.000989715716534262,2.85,3218,0.111342246976128,4.04791028425781,0.000244500408120021,29.73,0.10065594121693,"0",0.680272108843537,9.93483333333333,2.40165233680772e-05,NA,NA
"10474",25493,12127,1138,3488,4063,3959,23.14,9.7,0.4,0.25,12.76,5.56,12.5,63.4,1.21,34.87,0.1,0.07,97,12.47,48.37,53.27,23.58,323,1084,29.8,42434807.5235787,6.89,11.27,5,0.000282979172620889,3.48,2663,0.0893873175558671,0.990200933730433,0.000285779545324005,47.18,0.412303125257689,"0",0.179856115107914,2.4254,3.92264543207939e-05,NA,NA
"10475",50832,43208,1023,18759,19869,19332,35.5,25.94,0.48,0,6.3,1.28,7.31,29.03,7.91,56.79,0,2.74,1242,5.27,14.22,22.22,27.73,1695,5778,29.3,194092165.174322,10.85,12.91,7,0.000813318179303144,2.3,3923,0.133725236067395,3.65345969257046,0.000222615889524408,27.62,0.162007035734123,"0",0.78125,6.17257142857143,1.96726471514007e-05,NA,NA
"11004",92657,15234,1492,5178,7357,7193,75.06,8.49,0,0.28,3.8,1.53,4.92,12.58,33.41,6.58,0.42,42.86,387,3.11,4.38,9.46,29.64,584,2796,20.9,87690189.1839605,20.59,3.4,2,0.000418159531511804,2.94,3834,0.183536825521859,2.40701643871251,0.000173725249560603,7.98,0.131285282919785,"0",0.65359477124183,7.617,1.07924927420486e-05,NA,NA
"11101",65392,30043,1608,13169,16416,15596,12.46,3.15,0.17,1.34,6.17,3.4,8.06,26.32,32.44,14.48,0,22.54,315,5.76,17.94,30.21,18.04,626,3455,18.1,288710214.012836,2.44,11.37,12,0.000414165996264433,2.28,2084,0.115001830709317,3.98009364638497,0.000104059359668738,69.93,0.399427487268249,"0",0.294117647058824,2.50358333333333,1.5292390506484e-05,NA,NA
"11102",64067,30800,1697,13072,17604,16636,15.84,2.99,0.52,1.56,5.7,3.62,6.03,30.75,42.95,8.63,0.08,15.1,491,9.95,14.47,27.55,18.32,609,3044,20,150133608.34404,3.4,11.2,4,0.00139972374543165,2.36,1977,0.0988311688311688,6.82290833073013,0.000205150601119371,68.47,0.12987012987013,"0",0.276243093922652,7.7,1.56086596843929e-05,NA,NA
"11103",71437,36140,1700,15665,22483,21813,15.58,3.51,0.5,1.26,6.44,2.69,6.81,22.7,57.98,1.89,0.04,14.75,548,10.98,6.3,20.87,17.32,574,3075,18.7,165661093.567045,4.3,9.56,3,0.00182283680617336,2.31,1588,0.0850857775318207,8.35564855298667,0.000218156232231883,68.56,0.0830105146651909,"0",0.371747211895911,12.0466666666667,1.3998348194913e-05,NA,NA
"11104",61269,26119,1577,11619,15046,14921,16.02,5.45,0.7,1.72,4.44,4.95,5.84,31.43,43.5,1.23,0.09,21.86,512,13.61,7.51,22.72,19.39,492,2212,22.2,117623390.966601,5.08,11.09,2,0.00241076282520567,2.25,1884,0.0846893066350167,10.8565449793987,0.000222056172546636,64.57,0.0765726099774111,"0",0.202020202020202,13.0595,1.6321467626369e-05,NA,NA
"11105",73959,37382,1709,15363,22420,21595,23.16,4.17,0.18,0.83,6.62,4.58,4.87,21.97,60.93,2.12,0.56,12.17,694,8.65,8.98,17.36,20.55,488,2989,16.3,161611519.30553,4.97,10.74,5,0.000799062141905728,2.43,1305,0.0799582686854636,3.45454086921286,0.000231307769153068,59.41,0.133754213257718,"0",0.218340611353712,7.4764,1.35210048810828e-05,NA,NA
"11106",63703,38363,1614,16992,22211,21215,13.95,2.6,0.58,1.61,7.34,3.73,7.63,28.27,41.13,5.98,0.16,20.73,801,8.32,12.69,23.93,19.7,641,3139,20.4,178576810.242692,3.28,11.79,7,0.00160919029158646,2.26,1671,0.0818236321455569,7.4906568658608,0.000214826325701884,68.68,0.182467481688085,"0",0.268096514745308,5.48042857142857,1.56978478250632e-05,NA,NA
"11109",148590,5981,3187,2954,4272,4073,10.78,1.57,0,1.47,0.34,2.06,3.79,5.57,62.18,4.15,0,25.08,0,7.89,0,7.56,13.45,48,438,11,55546244.8081926,3,8.43,0,0.0043873483573446,2.02,803,0.0732319010198963,40.7458160702031,0.000107676045800271,82.3,0,"0",0.485436893203884,0,6.72992798977051e-06,NA,NA
"11201",124996,62823,2410,28067,35976,35492,6.72,1.44,1.12,3.45,11.63,8.15,5.66,11.57,58.88,12.58,0.05,11.79,1479,5.37,7.75,16.27,13.25,696,5783,12,385568041.141782,1.28,7.97,11,0.00160736419086333,2.24,1108,0.0920522738487497,9.86498993159543,0.000162936222135949,65.73,0.175095108479379,"0",0.122699386503067,5.71118181818182,8.00025600819226e-06,NA,NA
"11203",51277,75451,1306,27761,34893,34264,30.98,13.58,0.84,0.3,4.65,2.94,6.93,6.42,3.82,86.25,0.13,1.77,2130,7.9,16.87,24.04,31.57,2070,7329,28.2,346066665.605023,10.65,16.36,12,0.00126024147677186,2.72,2744,0.0971358895177002,5.78027548638969,0.000218024466089764,44.87,0.159043617712158,"0",0.340136054421769,6.28758333333333,1.95019209392125e-05,NA,NA
"11204",49785,76978,1375,23601,31825,30807,30.94,7.52,0.32,0.85,11.86,3.14,7.58,10.91,54.39,1.11,0.2,31.67,1419,8.23,25.77,35.59,28.52,2028,8535,23.8,363031901.331743,8.48,12.4,10,0.00173680905727254,3.26,2635,0.110875834654057,8.19087394205931,0.000212041971291268,44.5,0.129907246226195,"0",0.318471337579618,7.6978,2.00863713970071e-05,NA,NA
"11205",56708,46064,1420,16294,21369,21070,12.8,6.01,0.5,5.32,14.75,6.27,9.21,17.7,42.27,29.49,0.28,6.81,407,5.83,26.48,39.33,21.27,723,3549,20.4,176323089.322689,2.94,12.3,10,0.00175598636045617,2.83,1570,0.0770449808961445,6.72153829203143,0.000261247691252156,52.99,0.217089267106634,"0",0.159489633173844,4.6064,1.76341962333357e-05,NA,NA
"11206",36404,88349,1068,31042,37136,36238,12.61,5.28,0.54,2.97,11.86,4.61,10.39,37.12,33.43,20.93,0.2,6.75,660,7.87,38.81,49.44,19.49,1602,7240,22.1,306578714.365318,2.94,10.91,10,0.00221054228681427,2.85,1813,0.0819477300252408,7.67077400244132,0.000288177214725754,61.22,0.113187472410554,"0",0.216919739696312,8.8349,2.74695088451818e-05,NA,NA
"11207",37243,91972,1178,33240,38369,37278,23.98,9.35,0.23,0.6,3.73,2.89,10.63,33.28,4.02,58.77,0.14,1.41,1157,7.67,34.37,39.36,29.59,2076,7617,27.3,366353280.292833,7.82,18.14,14,0.00123680089692147,2.77,2257,0.0828186839472883,4.92656532049209,0.000251047294912946,57.16,0.152220240942896,"0",0.346020761245675,6.56942857142857,2.68506833498913e-05,NA,NA
"11208",40733,98660,1260,32181,39810,39165,26.6,6.2,0.33,0.2,4.49,1.74,7.36,41.31,2.42,48.8,0.02,5.7,1296,6.53,28.77,37.92,30.01,2379,7930,30,333356433.486627,8.56,18.07,11,0.000961302029716826,3.07,2411,0.0803770525035475,3.24808652067563,0.000295959489871245,58.58,0.111494019866207,"0",0.574712643678161,8.96909090909091,2.45501190680775e-05,NA,NA
"11209",72314,67809,1510,29297,34474,33648,27.34,9.05,0.21,0.62,8.41,5.15,6.07,16.87,64.55,2.7,0.1,13.34,2005,6.58,11.05,20.83,21.31,1128,5811,19.4,415880001.222207,6.99,10.07,7,0.00113179831333739,2.31,1663,0.0856965889483697,6.9414426393848,0.000163049436858517,47.87,0.103231134510168,"0",0.194174757281553,9.687,1.38285809110269e-05,NA,NA
"11210",65900,67040,1353,22267,30843,30106,34.09,13.2,0.61,0.4,5.63,3.27,6.86,7.03,29.49,56.85,0.03,4.22,2104,6.46,16.08,22.43,31.1,1681,6133,27.4,395136777.116499,10.21,15.33,6,0.00146610275945686,3.01,2507,0.0914826968973747,8.64127564578444,0.000169662769659718,41.07,0.0894988066825776,"0",0.305810397553517,11.1733333333333,1.51745068285281e-05,NA,NA
"11211",71225,102624,1789,39384,52701,51627,11.92,3.41,0.51,2.82,14.81,6.93,5.18,24.32,63.94,3.72,0.18,5.53,1308,6.11,21.46,36.75,15.55,2073,10675,19.4,292133663.014898,2.49,7.52,16,0.00160341687285612,2.61,2020,0.104020502026816,4.56435185149042,0.000351291251206357,58.76,0.155908949173683,"0",0.144300144300144,6.414,1.4040014040014e-05,NA,NA
"11212",26239,76527,953,31454,27668,26507,22.81,14.52,0.3,0.3,6.33,2.61,18.7,18.64,1.19,77.37,0.15,1.27,1180,9.39,43.98,47.41,30.53,1870,7029,26.6,346233339.995732,7.44,18.05,17,0.00178389979558784,2.43,2444,0.091849935316947,8.0709499189055,0.000221027241342337,51.7,0.222143818521568,"0",0.383141762452107,4.50158823529412,3.81112085064217e-05,NA,NA
"11213",41710,66295,1236,25027,30066,28564,17.74,10.21,0.88,1.65,9.15,4.67,9.55,10.65,20.59,64.21,0.02,1.89,1341,9.2,30.2,34.74,26.27,1391,5274,26.4,300517712.048023,5.25,14.58,5,0.00217927495872072,2.65,2098,0.0795535108228373,9.87873481436461,0.000220602637855189,54.27,0.0754204691153179,"0",0.214132762312634,13.259,2.39750659314313e-05,NA,NA
"11214",54041,92946,1360,31933,43040,41955,28.98,9.08,0.58,0.64,7.26,3.05,6.59,16.43,42.69,1.23,0.05,37.38,1701,11.04,23.33,29.74,25.01,1535,6736,22.8,383046703.219082,6.97,12.68,12,0.00154221831344141,2.91,1651,0.0724721881522604,6.35575108781254,0.00024264926239775,49.11,0.129107223549158,"0",0.327868852459016,7.7455,1.85044688292223e-05,NA,NA
"11215",123583,70156,2216,28635,41371,40711,10.81,1.41,0.27,3.09,8.44,9.26,4.11,16.29,66.94,3.76,0.08,7.88,1916,3.65,4.98,10.11,15.68,621,4325,14.4,359061824.690432,2.57,9.3,11,0.00114538953284798,2.45,885,0.0616483265864644,5.86215941110833,0.000195386964516447,65.76,0.156793431780603,"0",0.107991360691145,6.37781818181818,8.09172782664282e-06,NA,NA
"11216",61121,56308,1408,24079,31847,31174,12.32,5.32,0.6,3.29,5.51,5.19,6.86,10.8,26.03,54.67,0.03,5.15,778,8.16,18.41,25.51,20.36,733,3812,19.2,288901024.259625,2.91,13.66,7,0.00215729473104808,2.34,1302,0.067699083611565,11.0684921757065,0.000194904120344683,66.22,0.124316260566882,"0",0.192678227360308,8.044,1.63609888581666e-05,NA,NA
"11217",107362,41407,2015,17447,23164,22708,6.59,2.53,0.66,2.77,7.72,9.17,6.28,18.53,50.89,18.7,0.01,7.53,915,4.41,11.19,19.91,14.99,614,3131,19.6,205994810.77256,1.45,9.79,5,0.00197114465489281,2.37,1483,0.0756152341391552,9.80620596010308,0.000201009917894085,68.51,0.120752529765499,"0",0.109051254089422,8.2814,9.31428252081742e-06,NA,NA
"11218",69415,74508,1550,24866,33968,33136,21.02,7.34,1.2,1.81,10.09,4.22,6.53,17.57,52.47,7.57,0.11,18.51,1636,7.71,17.34,30.64,25.47,1721,7085,24.3,342129765.112049,6.79,11.8,12,0.00187085984877339,3,2310,0.0950904600848231,8.59071295187636,0.000217777017955741,53.05,0.161056530842326,"0",0.23696682464455,6.209,1.44061081898725e-05,NA,NA
"11219",39295,90036,1394,24430,33221,32146,26.03,7.94,0.59,1.37,27.38,3.59,6.13,12.12,61.89,0.91,0.11,24.44,1940,6.79,35.62,52.41,24.88,3047,13895,21.9,338137973.576939,6.1,7.53,6,0.00217906346835817,3.69,3384,0.154327158025679,8.18366104098546,0.000266270005251313,31.71,0.0666400106624017,"0",0.278551532033426,15.006,2.54485303473724e-05,NA,NA
"11220",47079,95643,1355,28083,44540,42785,19.67,10.48,0.12,1.25,15.23,1.52,6.69,41.65,14.06,1.63,0.17,41.24,1344,16.06,28.34,46.46,18.85,1539,5952,25.9,395583296.785487,3.5,9.98,11,0.00197628090972478,3.41,1609,0.0622314231046705,8.17397737046256,0.000241777144730821,50.21,0.11501103060339,"0",0.657894736842105,8.69481818181818,2.12408929671403e-05,NA,NA
"11221",50153,83835,1372,30871,41283,40465,16.84,7.94,0.86,3.46,5.28,4.65,11.21,34.33,16.45,43.36,0.19,3.36,985,11.27,29.04,34.16,22.74,1304,5834,22.4,373899354.895355,5.04,13.77,13,0.00217275601615114,2.72,1555,0.0695890737758693,9.69036885291244,0.000224218092121243,59.65,0.155066499671975,"0",0.21505376344086,6.44884615384616,1.99389867006959e-05,NA,NA
"11222",85111,36492,1966,17256,23566,23057,14.37,2.71,0.97,4.21,9.16,5.03,5.07,14.24,73.42,3.69,0.24,4.98,662,8.71,8.87,17.55,13.76,442,3244,13.6,204193422.555475,3.45,7.61,10,0.00085655308410963,2.11,1211,0.088896196426614,4.79289997382421,0.000178712906338038,62.54,0.274032664693631,"0",0.198807157057654,3.6492,1.17493625970791e-05,NA,NA
"11223",50108,81789,1318,27958,34827,34111,28.35,6.7,0.21,1.13,8.94,5.3,8.51,16.75,52.12,3.5,0.17,24.14,1658,8.34,26.6,32.17,28.84,1707,6734,25.3,392905590.055664,8.28,13.01,9,0.00141734615142423,2.93,2087,0.0823338101700718,6.80877900375921,0.000208164510941197,48.02,0.110039247331548,"0",0.188679245283019,9.08766666666667,1.99568931108805e-05,NA,NA
"11224",33131,46707,822,18725,16799,16222,29.63,11.95,0.51,0.38,9.71,2.76,10.97,20.37,51.05,20.63,0.15,5.89,1312,6.16,41.21,40.56,29.92,1169,4386,26.7,232438154.124468,9.02,15.08,5,0.00104912045444579,2.49,2503,0.0939045539212538,5.22096520619187,0.00020094377438133,44.45,0.107050335067549,"0",0.36231884057971,9.3414,3.01832120974314e-05,NA,NA
"11225",55862,58882,1395,24105,31374,30942,13.03,7.72,0.69,1.84,6.14,5.01,8.48,8.34,24.65,61.11,0.08,2.58,1296,8.21,17.34,28.09,25.17,1141,4444,25.7,294729641.358409,3.98,16.66,5,0.00238891516101594,2.44,1938,0.0754729798580211,11.9575440481284,0.00019978309520757,63.6,0.0849155938996637,"0",0.199600798403194,11.7764,1.79012566682181e-05,NA,NA
"11226",52052,100277,1365,36733,48883,47819,14.74,12.83,0.72,1.58,5.39,3.99,7.75,17.1,12.13,65.24,0.16,2.87,2136,11.08,26.74,29.62,26.71,2252,8268,27.2,467038542.326399,4.95,17.51,13,0.00278798590128709,2.73,2246,0.082451609042951,12.9850002629085,0.000214708189821986,57.85,0.129640894721621,"0",0.25062656641604,7.71361538461538,1.92115576730961e-05,NA,NA
"11228",67911,44994,1416,15306,20576,20000,39.42,9.9,0.16,0.44,9.01,3.09,6.93,12.98,49.18,0.88,0.21,35.38,839,6.07,13.95,24.47,25.7,669,2975,22.5,231668751.048058,10.05,9.07,5,0.00109763448230183,2.94,1487,0.0661199271013913,5.65158931462297,0.000194216957601961,37.33,0.111125927901498,"0",0.323624595469256,8.9988,1.47251549822562e-05,NA,NA
"11229",60873,83615,1319,30946,37858,37049,35.03,8.18,0.45,0.8,6.89,4.56,6.56,10.81,59.41,5.1,0.04,22.06,2309,6.74,20.06,23.91,28.11,1768,10981,16.1,448581784.570404,9.45,12.26,11,0.00138984132455135,2.7,2114,0.131328110984871,7.45628776699087,0.000186398562928889,42.48,0.13155534294086,"0",0.219298245614035,7.60136363636364,1.64276444400637e-05,NA,NA
"11230",49541,89075,1360,30572,36628,35639,31.54,9.98,0.19,1.21,12.52,3.18,6.57,10.24,65.99,6.89,0.43,14.09,2526,8.59,25.13,35.87,29.99,2354,9746,24.2,479407557.030639,9.35,13.05,8,0.00173652846860863,2.91,2643,0.10941341566096,9.3461113763662,0.000185802244236019,39.75,0.0898119562166713,"0",0.314465408805031,11.134375,2.01853010637654e-05,NA,NA
"11231",100213,37845,1749,15702,20101,19738,11.21,2.56,1.25,5.55,11.74,7.88,8.75,18.62,57.98,12.17,0.08,5.32,816,4.95,17.67,21.66,14.07,423,2573,16.4,188585164.156157,1.88,7.46,12,0.000969748410696439,2.41,1118,0.0679878451578808,4.83234676235593,0.000200678564346995,58.43,0.317082837891399,"0",0.126903553299492,3.15375,9.97874527256943e-06,NA,NA
"11232",56661,27602,1492,8812,13447,13064,11.03,5.12,1.03,2.69,9.61,3.97,7,50.63,22.25,4.97,0.33,19.09,411,13.43,22.02,30.76,19.04,528,1995,26.5,86804481.7475635,2.19,11.31,12,0.000898312823885314,3.13,1913,0.0722773712049851,2.82506989075266,0.000317978973485142,64.22,0.434751104992392,"0",0.251889168765743,2.30016666666667,1.76488237059e-05,NA,NA
"11233",40449,76819,1175,29345,33503,33164,20.13,7.76,1.14,0.95,3.91,3.41,6.62,15.98,6.93,73.61,0.08,1.64,1230,8.61,28.73,38.07,26.68,1256,4818,26.1,304597062.78681,5.94,17.75,3,0.00204500409272354,2.62,1635,0.0627188586157071,8.10870019175716,0.000252198754962277,61.33,0.0390528384904776,"0",0.293255131964809,25.6063333333333,2.47224900491978e-05,NA,NA
"11234",81399,95666,1448,31835,44497,43706,48.73,16.41,0.34,0.4,3.56,2.87,7.73,10.48,37.53,43.59,0.12,6.64,2869,6.11,11.84,14.64,30.31,2239,8158,27.4,494537043.006675,14.16,11,9,0.000481449906125073,3.01,2340,0.0852758555808751,2.48881329762857,0.000193445569655151,26.43,0.0940773106432797,"0",0.348432055749129,10.6295555555556,1.22851632083932e-05,NA,NA
"11235",52538,78128,1321,32269,35557,34771,36.88,8.7,0.32,0.3,9.16,4.29,6.27,8.31,71.88,2.32,0.24,14.41,2667,9.07,24.15,28.8,29.56,2038,8246,24.7,418303877.495826,10.65,12.24,12,0.00124997416152653,2.42,2609,0.105544747081712,6.69246670254123,0.000186773310512236,38.93,0.153594101986484,"0",0.233100233100233,6.51066666666667,1.90338421713807e-05,NA,NA
"11236",67669,100331,1377,33282,48809,48048,39.15,16.28,0.49,0.25,3.17,1.87,6.32,7.14,4.32,84.22,0.08,2.67,2208,7.79,15.56,19.79,34.78,2702,9068,29.8,385458416.385056,13.57,16.67,9,0.00103504950320182,3.01,2693,0.0903808394215148,3.97652313227528,0.000260290074713984,37.26,0.0897030827959454,"0",0.53475935828877,11.1478888888889,1.47778155433064e-05,NA,NA
"11237",51413,49310,1484,16740,26374,25837,12.94,3,0.54,2.64,9.33,4.43,7.17,62.97,19.86,7.54,0.31,7.21,351,18.16,27.48,41.05,18.71,969,4021,24.1,183519363.524382,4.11,10.68,13,0.00180224908697947,2.95,1965,0.0815453254917867,6.70751582548916,0.000268690992890507,65.96,0.263638207260191,"0",0.225733634311512,3.79307692307692,1.94503335732208e-05,NA,NA
"11238",85407,54540,1730,24547,32374,31758,8.88,3.79,0.87,4.34,7.19,6.36,6.32,10.9,42.51,35.42,0.07,6.09,1297,5.64,12.22,18.36,16.98,781,4202,18.6,291393999.43776,2.37,10.76,7,0.0017708837489185,2.22,1432,0.077044371103777,9.46140260610002,0.00018716926259715,67.12,0.128346167950128,"0",0.157232704402516,7.79142857142857,1.170864214877e-05,NA,NA
"11239",27104,13244,690,6764,4887,4490,30.29,21.65,0,0.24,7.91,0.38,8.8,18.93,18.78,58.73,0.87,2.14,173,3.62,39.44,43.35,27.51,517,1778,29.1,82181681.8252475,9.13,12.44,4,0.00114250379828167,1.96,3904,0.134249471458774,7.08946569273038,0.000161155134646213,36.77,0.302023557837511,"0",2.63157894736842,3.311,3.68949232585596e-05,NA,NA
"11354",42500,55200,1440,20112,25230,24319,38.19,13.63,0.23,0.51,16.31,1.46,4.42,15.95,16.41,3.03,0.1,62.63,919,18.83,13.4,34.37,20.59,1185,4468,26.5,254328372.053278,7.04,7.62,14,0.000902205883579032,2.74,2147,0.0809420289855072,4.1568216236874,0.000217042241706468,27.9,0.253623188405797,"0",0.684931506849315,3.94285714285714,2.35294117647059e-05,NA,NA
"11355",39207,80853,1392,27606,36763,35827,39.1,15.84,0.06,0.32,14.81,1.59,4.14,14.77,7.47,2.85,0.56,72.62,1133,21.23,17.35,38.9,21.59,1275,4405,28.9,340527483.244901,6.83,8.53,8,0.00166245602821485,2.93,1577,0.0544815900461331,7.00174350108611,0.000237434580109506,26.77,0.0989449989487094,"0",0.628930817610063,10.106625,2.55056495013646e-05,NA,NA
"11356",60493,23362,1656,7453,10808,10617,60.21,13.5,0.28,0.37,5.79,2.26,3.76,40.31,26.49,1.52,0,28.98,353,12.22,9.73,24.08,25.14,552,2013,27.4,126371438.866493,13.94,5.37,5,0.000531070753391168,3.13,2363,0.0861655680164369,2.87270675652574,0.000184867721769641,16.13,0.214022772022943,"0",0.442477876106195,4.6724,1.65308382788091e-05,NA,NA
"11357",83951,39902,1763,14515,18392,17914,69.64,11.26,0.02,0,1.37,2.5,5.8,15.64,59.77,0.47,0.1,21.98,1141,5.63,6.15,11.88,23.22,811,3362,24.1,340088696.116379,14.17,5.11,4,0.000509177600207676,2.75,2032,0.0842564282492106,4.33977109283483,0.000117328216008525,12.94,0.100245601724224,"0",0.4,9.9755,1.19117104024967e-05,NA,NA
"11358",66129,37190,1601,13042,17968,17494,53.05,13.52,0.34,0.2,3.81,2.52,4.23,16.84,33.55,0.49,0.33,46.98,933,12.04,7.18,19.98,22.35,566,2570,22,262780584.762775,11.64,6.45,4,0.000684603814305368,2.85,1522,0.0691045980102178,4.83733774278007,0.000141524915296057,16.95,0.107555794568432,"0",0.396825396825397,9.2975,1.51219585960774e-05,NA,NA
"11360",86174,19621,2047,8583,8998,8693,66.65,10.87,0.74,0.09,1.5,4.1,4.13,9.78,55.21,0.76,0.13,32.4,738,3.97,4.71,11.64,25.2,316,1640,19.3,137150778.890003,16.83,4.11,1,0.000428924587839097,2.29,1611,0.0835839151929056,2.99818262612535,0.000143061528040875,8.27,0.0509658019468936,"0",0.24390243902439,19.621,1.16044282498201e-05,NA,NA
"11361",85887,27246,1783,10026,13967,13546,60.05,7.7,0.4,0,4.17,2.21,4.58,12.88,41.78,3.6,0,40.56,846,6.94,5.83,13.55,23.09,452,2150,21,196356794.137288,14.15,5.14,2,0.000547674253822602,2.72,1659,0.0789106657858034,3.94698527167796,0.000138757612741173,10.98,0.0734052704984218,"0",0.452488687782805,13.623,1.16432056073678e-05,NA,NA
"11362",89185,18721,1808,7151,8874,8474,66.7,9.17,0.81,0.34,2.62,4.33,4.43,8.86,44.28,0.8,0,43.26,847,4.97,4.46,12.03,23.34,312,1340,23.3,143008199.966709,16.44,2.9,4,0.000264120791110053,2.62,1667,0.0715773730035789,2.01759729236856,0.000130908577300868,5.15,0.213663800010683,"0",0.23094688221709,4.68025,1.12126478667937e-05,NA,NA
"11363",104792,6952,2080,2661,3488,3371,55.98,3.5,0,0.39,2.61,3.23,4.67,13.15,50.79,1.61,0,32.57,333,3.55,5.41,8.93,20.9,98,486,20.2,78289015.1526311,12.99,4.5,0,0.000293653229497004,2.61,1410,0.0699079401611047,3.30693644040708,8.87991755477635e-05,11.12,0,"0",0.309597523219814,0,9.54271318421254e-06,NA,NA
"11364",76988,36806,1753,13554,18299,17937,59.66,14.75,0,0,2.16,2.7,4.56,9.58,34.02,2.09,0.86,51.9,969,8,6.7,13.89,25.71,463,2251,20.6,232669554.110293,14.35,7.08,3,0.00053415398519008,2.72,1258,0.0611585067652013,3.37666058687202,0.000158190013905097,15.67,0.0815084497092865,"0",0.37037037037037,12.2686666666667,1.29890372525588e-05,NA,NA
"11365",66483,44983,1557,15571,21162,20475,56.83,13.8,0,0.03,2.57,2.07,9.97,19.71,25.32,7.44,0.23,44.62,878,8.59,9.74,20.65,25.25,827,3386,24.4,235843443.46754,13.86,7.7,5,0.000641047802987333,2.89,1838,0.075272880866105,3.36097906506533,0.000190732459374861,22.8,0.111153102283085,"0",0.483091787439614,8.9966,1.50414391648993e-05,NA,NA
"11366",78990,14650,1746,4633,6681,6584,53.25,15.36,0.17,0.09,3.02,4.78,9.19,8.86,38.96,4.87,0,45.15,440,5.1,8.61,19.06,24.67,389,1322,29.4,98403662.8471092,12.27,8.38,2,0.000479717196724834,3.16,2655,0.0902389078498294,3.22224773300143,0.000148876572031286,22.46,0.136518771331058,"0",0.209205020920502,7.325,1.26598303582732e-05,NA,NA
"11367",57933,41824,1366,14580,18523,17751,46.89,17.15,0.21,0,7.24,2.74,6.46,17.85,46.4,7.35,0.16,25.48,1241,6.27,14.84,23.13,26.77,1030,3862,26.7,189584600.788086,11.99,8.06,5,0.000584783400137957,2.87,2463,0.0923393267023718,2.65077294048045,0.000220608635016459,23.39,0.119548584544759,"0",0.364963503649635,8.3648,1.72613191100064e-05,NA,NA
"11368",50797,112425,1572,28502,54370,52414,21.09,9.74,0.56,0.81,9.83,1.58,5.06,75.49,3.92,8.26,0.19,11.22,1391,23.74,30.24,36.75,20.47,4524,13087,34.6,317833647.920149,4.99,11.17,15,0.00151260391592251,3.94,4024,0.116406493217701,4.2762412315406,0.000353722775218076,54.76,0.133422281521014,"0",0.632911392405063,7.495,1.96862019410595e-05,NA,NA
"11369",54121,34118,1503,10294,15418,14138,35.01,18.22,0.85,1.29,6.01,1.72,7.27,63.61,8.05,14.84,0.15,12.3,655,13.91,16.52,28.16,23.85,1605,4658,34.5,150261283.474197,5.94,11.66,1,0.000560257318346983,3.31,4704,0.136526173867167,2.46746537694558,0.000227057823620007,35.53,0.0293100416202591,"0",0.581395348837209,34.118,1.84771160917204e-05,NA,NA
"11370",65098,32514,1628,7993,12290,11351,38.6,11.45,0.74,0.89,3.44,2.87,5.65,37.38,25.33,13.79,0.08,21.95,492,6,11.03,16.84,25.99,1327,4014,33.1,96494949.1226734,9.76,10.17,2,0.00079541112803492,4.07,4081,0.123454511902565,2.36061869752531,0.000336950278699719,40.85,0.061511964077013,"0",0.348432055749129,16.257,1.53614550370211e-05,NA,NA
"11372",56383,61844,1441,23814,32666,31987,22.22,4.41,0.27,0.76,9.02,2.5,4.97,57.56,17.82,2.37,0.06,20.2,1251,13.09,13.1,24.73,21.86,2506,7976,31.4,271680010.819516,8.38,8.88,12,0.00299970703333212,2.6,4052,0.128969665610245,13.1776799571672,0.000227635444409212,60.02,0.194036608240088,"0",0.4,5.15366666666667,1.77358423638331e-05,NA,NA
"11373",51183,93967,1485,30285,48550,46018,19.19,6.09,0.62,0.76,6.81,1.82,4.85,41.39,6.54,1.75,0.46,48.26,2037,16.62,15.89,30.48,20.37,3212,10512,30.6,334873374.659542,4.36,11.8,12,0.00220800218509197,3.1,3418,0.111869060414826,7.86873203334564,0.000280604572087984,62.6,0.12770440686624,"0",0.549450549450549,7.83058333333333,1.95377371392845e-05,NA,NA
"11374",63161,42653,1591,19416,22156,21542,25.97,5.33,0.45,0.29,7.3,5.23,4.63,16.29,43.53,3.88,0,31.84,1866,7.73,13.38,21.29,23.42,1069,4177,25.6,215859429.795938,6.73,11.56,4,0.00163281409286326,2.2,2506,0.0979298056408693,8.26338871939218,0.000197596185815564,53.98,0.0937800389187162,"0",0.191204588910134,10.66325,1.58325548993841e-05,NA,NA
"11375",80542,73488,1731,32857,37540,36710,27.52,3.8,0.27,0.18,5.06,4.39,4.66,15.74,49.97,2.48,0.11,27.94,2408,4.18,7.31,14.04,21.02,1496,6019,24.9,476904454.824871,6.65,10.97,11,0.00133003199873731,2.24,2036,0.0819045286305247,8.63131647694111,0.000154093758732001,55.43,0.149684302198998,"0",0.227790432801822,6.68072727272727,1.24158823967619e-05,NA,NA
"11377",57010,86421,1490,31400,45313,44507,24.44,5.09,0.61,0.56,5.92,1.95,4.17,38.07,20.95,1.88,0.24,36.85,1691,13.18,8.94,23.59,24.58,2227,8610,25.9,315874390.336562,9.61,10.97,11,0.00121820602926899,2.75,2577,0.0996285625021696,4.45262247370045,0.000273592930113514,59.32,0.127283877761192,"0",0.512820512820513,7.85645454545455,1.75407823188914e-05,NA,NA
"11378",73333,37279,1600,12604,17932,17500,44.35,14.66,0.19,0.69,5.23,2.69,6.05,32.21,54.08,1.42,0.13,10.28,585,8.98,7.13,19.26,24.33,734,3174,23.1,173173742.808808,10.19,9.34,5,0.000519871418738737,2.96,1969,0.085141768824271,2.4149810714427,0.000215269355477047,31.25,0.134123769414416,"0",0.371747211895911,7.4558,1.36364256201165e-05,NA,NA
"11379",82819,37851,1518,13504,18800,18399,47.9,7.87,0.13,0.27,5.83,2.24,5.5,20.13,66.18,0.86,0,10.97,973,6.35,5.15,13.74,25.59,800,3217,24.9,199717013.829063,13.14,8.4,4,0.000654528076800809,2.8,2114,0.0849911495072785,3.45355189997456,0.000189523162169832,33.15,0.105677525032364,"0",0.446428571428571,9.46275,1.20745239618928e-05,NA,NA
"11385",72261,106717,1477,35126,55079,54314,30.26,8.25,0.21,0.91,7.06,2.24,4.94,44.27,46.13,1.6,0.03,6.65,1586,12.3,8.27,20.17,23.62,2152,7901,27.2,462555330.589188,8.47,11.08,16,0.00104987034149961,3.04,2017,0.0740369388194946,4.55056947710426,0.000230711858544722,49.95,0.149929252134149,"0",0.446428571428571,6.6698125,1.38387235161429e-05,NA,NA
"11411",93882,20759,1531,6270,10587,10328,58.6,20.18,0.04,0.28,0.8,1.83,6.94,6.59,1,90.51,0.09,0.28,543,6.74,9.06,7.77,32.79,681,2117,32.2,120749163.336184,18.38,9.92,1,0.000619345958256496,3.31,3281,0.101979864155306,3.60255822896668,0.000171918375469018,15.9,0.0481718772580568,"0",0.546448087431694,20.759,1.06516691165506e-05,NA,NA
"11412",78517,37458,1441,11039,19017,18592,52.32,17.74,0.59,0.33,2.22,2.36,8.82,5.1,0.76,88.27,0.71,2.31,926,7.48,14.97,13.83,32.54,1233,3897,31.6,221365983.045858,16.53,11.38,3,0.000816229584999124,3.39,3292,0.104036520903412,4.82368157601697,0.000169212990562512,21.73,0.0800897004645203,"0",0.423728813559322,12.486,1.27360953678821e-05,NA,NA
"11413",86324,42443,1664,12356,20836,19886,56.13,14.8,0.76,0.12,2.32,2.07,7.24,4.9,1.49,90.02,0.16,1.13,1160,5.82,11.85,12.66,31.94,1312,4092,32.1,241363364.87687,18.62,9.02,2,0.000485414208268255,3.44,3091,0.0964116579883609,2.76043650700158,0.000175846902124736,16.02,0.0471220224772047,"0",0.483091787439614,21.2215,1.15842639358695e-05,NA,NA
"11414",71648,29219,1576,10680,13174,12835,68.2,8.52,0.53,0,2.52,0.65,6.17,22.29,67.85,1.77,0,5.05,1277,3.72,10.07,17.75,27.12,797,2536,31.4,201449699.344161,17.98,5.45,3,0.000456707321991244,2.74,2728,0.0867928402751634,3.14875775021093,0.000145043651567241,18.64,0.102672918306581,"0",1.53846153846154,9.73966666666666,1.39571237159446e-05,NA,NA
"11415",68294,19372,1540,8379,10344,9840,32.2,6.63,1.23,1.26,5.02,5.03,4.03,24.95,46.51,4.99,0.34,18.95,685,5.97,7.32,17.72,24.22,534,2004,26.6,105416534.311826,8,9.13,2,0.00114302963746256,2.31,2757,0.103448275862069,6.22001977064869,0.000183766238630999,42.54,0.103241792277514,"0",0.198807157057654,9.686,1.46425747503441e-05,NA,NA
"11416",67461,27125,1489,7217,12683,12189,34.07,9.68,1.15,0.49,5.55,3.36,7.89,45.14,12.71,4.77,0,33.1,488,9.08,19.07,26.26,26.8,708,2275,31.1,97863005.815695,9.87,11,5,0.00146262464257933,3.76,2610,0.0838709677419355,5.27693433743485,0.000277173174622128,44.08,0.184331797235023,"0",0.297619047619048,5.425,1.48233794340434e-05,NA,NA
"11417",73424,31927,1514,9060,15023,14598,43.67,8.23,0.39,0.39,4.62,2.31,7.89,38.53,19.56,5.78,0,28.6,668,7.99,14.93,23.6,27.5,882,3066,28.8,137972644.79833,11.97,9.7,3,0.00103023642420598,3.52,2763,0.096031572023679,4.45217039544189,0.000231400942169854,38.4,0.0939643561875528,"0",0.432900432900433,10.6423333333333,1.36195249509697e-05,NA,NA
"11418",66570,38517,1461,10938,18451,17759,36.96,8.88,0.38,0.6,6.27,3.64,5.7,45.7,16.39,6.39,0.35,23.93,696,14.04,15.66,26.12,26.47,1085,3544,30.6,182285350.730573,9.99,10.98,3,0.000843437118923878,3.52,2817,0.0920113196770257,3.99164605348867,0.000211300578162916,41.18,0.0778876859568502,"0",0.274725274725275,12.839,1.50217815832958e-05,NA,NA
"11419",70882,49618,1554,12479,24072,23759,41.57,15.59,0.39,0.22,5.34,1.16,10.07,18.86,4.3,15.74,0.78,32.23,926,11.29,17.71,23.54,29.84,1192,3914,30.5,198753795.600662,11.89,13.13,8,0.0015747803581615,3.98,2402,0.0788826635495183,6.30806508569405,0.000249645546894073,33.35,0.161231811036317,"0",0.862068965517241,6.20225,1.41079540645016e-05,NA,NA
"11420",67932,48489,1553,13159,23670,23306,51.82,12.38,0.76,0.13,2.18,2.37,8.29,24.05,4.88,23.03,0.84,30.96,787,8.66,15.81,19.94,28.85,1345,4326,31.1,221871235.812848,14.49,9.06,4,0.000826118884315419,3.68,2774,0.0892161108705067,3.78007419809428,0.000218545679535049,27.37,0.0824929365423086,"0",0.421940928270042,12.12225,1.47206029558971e-05,NA,NA
"11421",72066,41002,1612,11638,20033,19415,33.31,8.2,0.11,0.28,3.71,2.87,7.41,58.64,16.82,2.95,0.17,19.35,848,11.64,15.19,21.05,25.47,1187,3860,30.8,187518783.85513,8.71,12.34,5,0.00114954832524271,3.52,2895,0.0941417491829667,5.25735095683658,0.000218655428309927,49.74,0.121945270962392,"0",0.348432055749129,8.2004,1.38761690672439e-05,NA,NA
"11422",89235,32082,1722,9653,16701,16368,62.13,13.59,0.83,0,1.88,1.34,5.74,9.57,3.28,82.51,0.34,1.99,674,6.38,13.96,11.84,33.45,969,3200,30.3,175475718.376109,19.64,9.57,1,0.000568084045982377,3.32,3020,0.0997444049622841,3.10719269580339,0.000182828714405012,13.64,0.0311701265507138,"0",0.746268656716418,32.082,1.12063652154424e-05,NA,NA
"11423",70266,31400,1411,9787,16149,15886,46.93,15.54,0.47,0.03,2.88,3.39,8.65,14.19,8.94,38.48,0.64,28.5,912,8.8,14.35,18.26,29.77,1073,3354,32,184098593.847222,14.79,11.2,2,0.000796165787275502,3.21,3417,0.106815286624204,4.66792999702822,0.000170560781284717,27.76,0.0636942675159236,"0",0.294985250737463,15.7,1.42316340762246e-05,NA,NA
"11426",88803,20801,1729,6356,10485,10289,68.56,7.98,0.48,0,1.78,2.62,4.59,18.93,28.05,6.14,0.05,44.13,543,5.86,6.75,12.42,29.58,499,1711,29.2,116869733.311072,19.02,5.89,2,0.000552383633234908,3.27,2399,0.0822556607855392,3.10354924770754,0.000177984491028435,13.74,0.0961492235950195,"0",0.381679389312977,10.4005,1.12608808260982e-05,NA,NA
"11427",74581,24037,1399,7500,11220,11018,54.66,16.88,0.23,0.19,1.95,2.8,5.49,19.45,19.81,19.71,0.5,31.12,731,6.79,8.67,15.85,28.46,778,2604,29.9,142017618.93639,16.56,8.27,1,0.000546307746469635,3.2,3237,0.108332986645588,3.22774578192465,0.000169253647399666,20.8,0.0416025294337896,"0",0.357142857142857,24.037,1.34082407047371e-05,NA,NA
"11428",73699,18929,1487,5558,9222,9015,55.98,17.04,0.54,0.24,2.11,1.93,6.09,25.33,11.07,20.25,0.15,25.38,502,6.53,9.68,18.66,28.54,674,2004,33.6,109264264.147213,15.53,9.34,2,0.000817390074227615,3.41,3561,0.105869301072429,4.71823788798753,0.000173240538869111,18.82,0.105657985102224,"0",0.518134715025907,9.4645,1.35687051384686e-05,NA,NA
"11429",83240,27403,1401,7340,13772,13564,53.83,18.5,0.16,0.59,1.81,2.21,15.42,12.43,1.58,73.99,0.71,4.09,779,6.26,14.36,18.58,32.66,941,3041,30.9,143005405.96738,16.72,11.84,1,0.000627165027320478,3.73,3434,0.110973251103894,3.27292593294559,0.000191622126552689,18.67,0.0364923548516586,"0",0.452488687782805,27.403,1.2013455069678e-05,NA,NA
"11432",55906,62053,1453,18547,28606,27983,33.48,11.33,0.55,0.34,8.72,3.22,7.94,24.43,12.94,14.72,0.41,41.29,1420,9.83,15.33,25.65,26.92,1804,6078,29.7,309679304.037591,9.9,12.15,10,0.00103603207113094,3.35,2907,0.0979485278713358,5.17038162133102,0.000200378259673651,39.9,0.161152563131517,"0",0.31055900621118,6.2053,1.78871677458591e-05,NA,NA
"11433",51521,36489,1282,10519,15739,15260,42.85,19.99,0.39,0.09,4.88,1.15,16.04,18.89,1.64,62.01,0.02,8.76,756,11.19,27.52,28.09,30.64,943,3157,29.9,154936907.767384,13.16,13.45,3,0.000825257320429435,3.47,2584,0.0865192249719093,3.50414693030047,0.000235508766283003,28.4,0.0822165584148647,"0",0.869565217391304,12.163,1.94095611498224e-05,NA,NA
"11434",62207,65791,1141,21462,30780,29406,46.88,18.57,1.43,0.05,2.93,2.12,7.25,7.53,1.56,84.92,0,2.45,1448,6.1,15.3,18.38,32.28,2078,6901,30.1,327108762.663477,14.33,12.97,8,0.000228402548251841,3.07,3158,0.104892766487817,1.1356032732113,0.000201128821693121,25.08,0.121597178945448,"0",0.471698113207547,8.223875,1.60753612937451e-05,NA,NA
"11435",64086,59296,1466,18874,29557,29110,32.26,12.73,0.52,0.27,5.21,2.25,11.94,31.08,11.36,22.41,0.09,24.27,1256,12.11,14.74,26.41,26.17,1615,5688,28.4,253604448.664767,9.53,13.1,4,0.00140250848823139,3.14,2724,0.0959255261737723,5.99842134217446,0.000233812933141334,43.74,0.0674581759309228,"0",0.444444444444444,14.824,1.560403208189e-05,NA,NA
"11436",75242,20077,1591,5581,9986,9644,48.89,17.59,1.8,0.3,3.21,1.73,10.09,14.79,1.53,59.73,0.43,10.38,317,8.78,17.18,20.31,29.19,519,1764,29.4,95150185.2546865,13.44,10.87,1,0.00091592596205108,3.6,2585,0.0878617323305275,4.34081411409758,0.000211003267584402,24.05,0.0498082382826119,"0",0.578034682080925,20.077,1.32904494830015e-05,NA,NA
"11691",46147,67094,1200,20594,25755,25091,48.07,16.23,0.89,0.29,6.85,2.89,10.42,26.36,23.96,44.27,0,3.46,1049,7.73,35.79,31.21,31.18,2328,8028,29,331726060.074568,13.15,10.86,5,0.000875910663013381,3.26,3470,0.11965302411542,4.33067626343237,0.000202257247998298,21.25,0.0745223119802069,"0",0.346020761245675,13.4188,2.16698810323531e-05,NA,NA
"11692",44024,20991,1010,6815,7847,7728,44.59,12.27,0.89,1.01,2.78,1.24,14.87,24.4,9.97,56.98,0.19,5.71,290,6.34,32.46,31.69,26.53,604,2246,26.9,121795084.072337,11.46,10.83,1,0.000754396513337099,3.08,2877,0.106998237339812,4.37719912180315,0.000172346857509725,34.86,0.0476394645324187,"0",0.806451612903226,20.991,2.27148827912048e-05,NA,NA
"11693",59431,12919,1037,4845,6308,6209,53.36,14.66,0,0.24,1.29,2.45,5.49,29.49,46.95,16.06,0,4.03,168,4.79,23.18,22.1,26.09,326,1137,28.7,65968438.7554778,14.32,9.04,1,0.000471556103751661,2.67,2523,0.0880099078876074,2.40791237325746,0.000195836073184728,27.04,0.0774053719328121,"0",0.408163265306122,12.919,1.68262354663391e-05,NA,NA
"11694",80976,21354,1321,8468,9447,9288,64.79,6.72,0.12,0.58,5.79,3.47,5.73,14.91,73,6.01,0.67,3.47,675,3.73,10.63,14.09,28.19,700,2513,27.9,181608411.188046,17.76,6.1,2,0.000573650533727772,2.52,3278,0.117682869719959,4.87870010337525,0.000117582659637329,16.91,0.0936592675845275,"0",0.288184438040346,10.677,1.23493380754792e-05,NA,NA
"11697",103580,3540,NA,1365,1510,1485,78.65,0,0,1.01,3.1,4.98,5.03,6.47,91.61,0.59,0,0.56,116,0.59,1.39,4.58,25.35,108,1144,9.4,73435983.3995135,18.68,3.77,1,4.90503410578224e-05,2.59,3051,0.32316384180791,1.0175310823906,4.82052508337956e-05,9.96,0.282485875706215,"0",0.200803212851406,3.54,9.65437343116432e-06,NA,NA
