,STATE,ZCTA5,GEOID
9554,36,10001,36061005800
9555,36,10001,36061007600
9556,36,10001,36061009100
9557,36,10001,36061009300
9558,36,10001,36061009500
9559,36,10001,36061009700
9560,36,10001,36061009900
9561,36,10001,36061010100
9562,36,10001,36061010300
9563,36,10001,36061010900
9564,36,10001,36061011100
9565,36,10002,36061000201
9566,36,10002,36061000202
9567,36,10002,36061000600
9568,36,10002,36061000800
9569,36,10002,36061001001
9570,36,10002,36061001002
9571,36,10002,36061001200
9572,36,10002,36061001401
9573,36,10002,36061001402
9574,36,10002,36061001600
9575,36,10002,36061001800
9576,36,10002,36061002000
9577,36,10002,36061002201
9578,36,10002,36061003001
9579,36,10002,36061003601
9580,36,10003,36061003602
9581,36,10003,36061003800
9582,36,10003,36061004000
9583,36,10003,36061004200
9584,36,10003,36061004800
9585,36,10003,36061005000
9586,36,10003,36061005200
9587,36,10003,36061005502
9588,36,10003,36061005700
9589,36,10003,36061005900
9590,36,10003,36061006100
9591,36,10003,36061006400
9592,36,10003,36061006500
9593,36,10004,36061000100
9594,36,10004,36061000500
9595,36,10004,36061000700
9596,36,10004,36061000900
9597,36,10004,36061001300
9598,36,10004,36061001502
9599,36,10004,36061031704
9600,36,10004,36061031900
9601,36,10005,36061000700
9602,36,10005,36061000900
9603,36,10005,36061001502
9604,36,10006,36061001300
9605,36,10007,36061001300
9606,36,10007,36061002100
9607,36,10007,36061002900
9608,36,10007,36061003100
9609,36,10007,36061003300
9610,36,10009,36061002000
9611,36,10009,36061002202
9612,36,10009,36061002400
9613,36,10009,36061002601
9614,36,10009,36061002602
9615,36,10009,36061002800
9616,36,10009,36061003002
9617,36,10009,36061003200
9618,36,10009,36061003400
9619,36,10009,36061004400
9620,36,10010,36061005000
9621,36,10010,36061005200
9622,36,10010,36061005400
9623,36,10010,36061005600
9624,36,10010,36061005800
9625,36,10010,36061006000
9626,36,10010,36061006200
9627,36,10010,36061006400
9628,36,10010,36061006600
9629,36,10010,36061006800
9630,36,10011,36061005400
9631,36,10011,36061006300
9632,36,10011,36061006500
9633,36,10011,36061007100
9634,36,10011,36061007700
9635,36,10011,36061008100
9636,36,10011,36061008300
9637,36,10011,36061008700
9638,36,10011,36061008900
9639,36,10011,36061009100
9640,36,10011,36061009300
9641,36,10011,36061009900
9642,36,10012,36061003700
9643,36,10012,36061004100
9644,36,10012,36061004300
9645,36,10012,36061004500
9646,36,10012,36061004700
9647,36,10012,36061004900
9648,36,10012,36061005501
9649,36,10012,36061005502
9650,36,10012,36061006500
9651,36,10013,36061002100
9652,36,10013,36061002900
9653,36,10013,36061003100
9654,36,10013,36061003300
9655,36,10013,36061003700
9656,36,10013,36061003900
9657,36,10013,36061004100
9658,36,10013,36061004500
9659,36,10013,36061004700
9660,36,10014,36061003700
9661,36,10014,36061006700
9662,36,10014,36061006900
9663,36,10014,36061007100
9664,36,10014,36061007300
9665,36,10014,36061007500
9666,36,10014,36061007700
9667,36,10014,36061007900
9668,36,10014,36061008300
9669,36,10016,36061005600
9670,36,10016,36061006200
9671,36,10016,36061006600
9672,36,10016,36061006800
9673,36,10016,36061007000
9674,36,10016,36061007200
9675,36,10016,36061007400
9676,36,10016,36061007800
9677,36,10016,36061008000
9678,36,10016,36061008200
9679,36,10016,36061008601
9680,36,10016,36061008800
9681,36,10017,36061008000
9682,36,10017,36061008200
9683,36,10017,36061008601
9684,36,10017,36061008602
9685,36,10017,36061008603
9686,36,10017,36061008800
9687,36,10017,36061009000
9688,36,10017,36061009200
9689,36,10017,36061009400
9690,36,10017,36061009800
9691,36,10017,36061010000
9692,36,10018,36061008400
9693,36,10018,36061009900
9694,36,10018,36061010900
9695,36,10018,36061011100
9696,36,10018,36061011300
9697,36,10018,36061011500
9698,36,10018,36061011700
9699,36,10019,36061010400
9700,36,10019,36061011201
9701,36,10019,36061012500
9702,36,10019,36061012700
9703,36,10019,36061012900
9704,36,10019,36061013100
9705,36,10019,36061013300
9706,36,10019,36061013500
9707,36,10019,36061013700
9708,36,10019,36061013900
9709,36,10019,36061014500
9710,36,10019,36061014700
9711,36,10019,36061015100
9715,36,10021,36061010602
9716,36,10021,36061011600
9717,36,10021,36061011800
9718,36,10021,36061012000
9719,36,10021,36061012200
9720,36,10021,36061012400
9721,36,10021,36061012600
9722,36,10021,36061012800
9723,36,10021,36061013000
9724,36,10021,36061013200
9725,36,10021,36061013400
9726,36,10022,36061008603
9727,36,10022,36061009800
9728,36,10022,36061010000
9729,36,10022,36061010200
9730,36,10022,36061010601
9731,36,10022,36061010602
9732,36,10022,36061010800
9733,36,10022,36061011000
9734,36,10022,36061011202
9735,36,10022,36061011203
9736,36,10022,36061011401
9737,36,10022,36061011402
9738,36,10023,36061014500
9739,36,10023,36061014700
9740,36,10023,36061014900
9741,36,10023,36061015100
9742,36,10023,36061015300
9743,36,10023,36061015500
9744,36,10023,36061015700
9745,36,10023,36061015900
9746,36,10023,36061016100
9747,36,10023,36061016300
9748,36,10024,36061016100
9749,36,10024,36061016300
9750,36,10024,36061016500
9751,36,10024,36061016700
9752,36,10024,36061016900
9753,36,10024,36061017100
9754,36,10024,36061017300
9755,36,10024,36061017500
9756,36,10024,36061017700
9757,36,10024,36061017900
9758,36,10024,36061018300
9759,36,10024,36061018700
9760,36,10024,36061019100
9761,36,10024,36061019500
9762,36,10024,36061019900
9763,36,10024,36061020500
9764,36,10024,36061021100
9765,36,10025,36061017700
9766,36,10025,36061017900
9767,36,10025,36061018100
9768,36,10025,36061018300
9769,36,10025,36061018500
9770,36,10025,36061018700
9771,36,10025,36061018900
9772,36,10025,36061019100
9773,36,10025,36061019300
9774,36,10025,36061019500
9775,36,10025,36061019701
9776,36,10025,36061019900
9777,36,10025,36061020101
9778,36,10025,36061020500
9779,36,10026,36061018600
9780,36,10026,36061019000
9781,36,10026,36061019300
9782,36,10026,36061019701
9783,36,10026,36061019702
9784,36,10026,36061020000
9785,36,10026,36061020102
9786,36,10026,36061021600
9787,36,10026,36061021800
9788,36,10026,36061022000
9789,36,10026,36061025700
9790,36,10027,36061020000
9791,36,10027,36061020101
9792,36,10027,36061020300
9793,36,10027,36061020500
9794,36,10027,36061020701
9795,36,10027,36061020800
9796,36,10027,36061020901
9797,36,10027,36061021100
9798,36,10027,36061021303
9799,36,10027,36061021500
9800,36,10027,36061021703
9801,36,10027,36061021900
9802,36,10027,36061022000
9803,36,10027,36061022200
9804,36,10027,36061022400
9805,36,10027,36061022600
9806,36,10027,36061025700
9807,36,10028,36061013600
9808,36,10028,36061013800
9809,36,10028,36061014000
9810,36,10028,36061014200
9811,36,10028,36061014401
9812,36,10028,36061014402
9813,36,10028,36061014601
9814,36,10028,36061014602
9815,36,10028,36061014801
9816,36,10028,36061015001
9817,36,10028,36061015002
9818,36,10029,36061015602
9819,36,10029,36061015802
9820,36,10029,36061016002
9821,36,10029,36061016200
9822,36,10029,36061016400
9823,36,10029,36061016600
9824,36,10029,36061016800
9825,36,10029,36061017000
9826,36,10029,36061017200
9827,36,10029,36061017401
9828,36,10029,36061017402
9829,36,10029,36061017800
9830,36,10029,36061018000
9831,36,10029,36061018200
9832,36,10029,36061018400
9833,36,10029,36061018800
9834,36,10030,36061021500
9835,36,10030,36061022102
9836,36,10030,36061022600
9837,36,10030,36061022700
9838,36,10030,36061022800
9839,36,10030,36061023000
9840,36,10030,36061023200
9841,36,10030,36061025900
9842,36,10031,36061021303
9843,36,10031,36061021703
9844,36,10031,36061021900
9845,36,10031,36061022301
9846,36,10031,36061022302
9847,36,10031,36061022500
9848,36,10031,36061022700
9849,36,10031,36061022900
9850,36,10031,36061023100
9851,36,10031,36061023300
9852,36,10031,36061023501
9853,36,10031,36061023700
9854,36,10032,36061023501
9855,36,10032,36061023700
9856,36,10032,36061023900
9857,36,10032,36061024100
9858,36,10032,36061024301
9859,36,10032,36061024500
9860,36,10032,36061024700
9861,36,10032,36061024900
9862,36,10032,36061025100
9863,36,10032,36061025300
9864,36,10032,36061025500
9865,36,10032,36061026300
9866,36,10033,36061025500
9867,36,10033,36061026100
9868,36,10033,36061026300
9869,36,10033,36061026500
9870,36,10033,36061026700
9871,36,10033,36061026900
9872,36,10033,36061027100
9873,36,10033,36061027300
9874,36,10033,36061027500
9875,36,10033,36061031100
9876,36,10034,36061027500
9877,36,10034,36061028700
9878,36,10034,36061029100
9879,36,10034,36061029300
9880,36,10034,36061029500
9881,36,10034,36061029700
9882,36,10034,36061029900
9883,36,10034,36061030300
9884,36,10034,36061030700
9885,36,10035,36061017800
9886,36,10035,36061018200
9887,36,10035,36061018400
9888,36,10035,36061018800
9889,36,10035,36061019200
9890,36,10035,36061019400
9891,36,10035,36061019600
9892,36,10035,36061019800
9893,36,10035,36061020600
9894,36,10035,36061024000
9895,36,10035,36061024200
9896,36,10036,36061008400
9897,36,10036,36061009600
9898,36,10036,36061011300
9899,36,10036,36061011500
9900,36,10036,36061011700
9901,36,10036,36061011900
9902,36,10036,36061012100
9903,36,10036,36061012500
9904,36,10036,36061012700
9905,36,10036,36061012900
9906,36,10037,36061020600
9907,36,10037,36061020800
9908,36,10037,36061021000
9909,36,10037,36061021200
9910,36,10037,36061021400
9911,36,10037,36061022800
9912,36,10037,36061024200
9913,36,10038,36061000700
9914,36,10038,36061000800
9915,36,10038,36061001501
9916,36,10038,36061001502
9917,36,10038,36061002500
9918,36,10038,36061002700
9919,36,10038,36061002900
9920,36,10039,36061021400
9921,36,10039,36061023200
9922,36,10039,36061023400
9923,36,10039,36061023502
9924,36,10039,36061023600
9925,36,10039,36061024302
9926,36,10039,36061025900
9927,36,10039,36061031100
9928,36,10040,36061026900
9929,36,10040,36061027300
9930,36,10040,36061027500
9931,36,10040,36061027700
9932,36,10040,36061027900
9933,36,10040,36061028100
9934,36,10040,36061028300
9935,36,10040,36061028500
9936,36,10040,36061028700
9937,36,10040,36061029100
9938,36,10044,36061023801
9939,36,10044,36061023802
9940,36,10065,36061010602
9941,36,10065,36061011000
9942,36,10065,36061011401
9943,36,10065,36061011402
9944,36,10065,36061011600
9945,36,10065,36061011800
9946,36,10065,36061012000
9947,36,10065,36061012200
9948,36,10069,36061015100
9949,36,10069,36061015500
9950,36,10069,36061015900
9951,36,10075,36061012800
9952,36,10075,36061013000
9953,36,10075,36061013200
9954,36,10075,36061013400
9955,36,10075,36061013600
9956,36,10075,36061013800
9957,36,10075,36061014000
9958,36,10075,36061014200
9965,36,10128,36061014402
9966,36,10128,36061014602
9967,36,10128,36061014802
9968,36,10128,36061015002
9969,36,10128,36061015200
9970,36,10128,36061015400
9971,36,10128,36061015601
9972,36,10128,36061015602
9973,36,10128,36061015801
9974,36,10128,36061015802
9975,36,10128,36061016001
9995,36,10280,36061031703
9996,36,10280,36061031704
9997,36,10280,36061031900
9998,36,10282,36061031703
9999,36,10301,36085000300
10000,36,10301,36085000700
10001,36,10301,36085000900
10002,36,10301,36085001100
10003,36,10301,36085001700
10004,36,10301,36085002100
10005,36,10301,36085003300
10006,36,10301,36085003900
10007,36,10301,36085004700
10008,36,10301,36085005900
10009,36,10301,36085006700
10010,36,10301,36085007500
10011,36,10301,36085007700
10012,36,10301,36085008100
10013,36,10301,36085009700
10014,36,10301,36085014700
10015,36,10301,36085016901
10016,36,10301,36085017700
10017,36,10302,36085013302
10018,36,10302,36085014100
10019,36,10302,36085015100
10020,36,10302,36085020100
10021,36,10302,36085020700
10022,36,10302,36085021300
10023,36,10302,36085024700
10024,36,10302,36085025100
10025,36,10303,36085020700
10026,36,10303,36085021300
10027,36,10303,36085022300
10028,36,10303,36085023100
10029,36,10303,36085023900
10030,36,10303,36085024700
10031,36,10303,36085029102
10032,36,10303,36085030301
10033,36,10303,36085030302
10034,36,10303,36085031901
10035,36,10303,36085031902
10036,36,10303,36085032300
10037,36,10304,36085000600
10038,36,10304,36085001700
10039,36,10304,36085002100
10040,36,10304,36085002700
10041,36,10304,36085002900
10042,36,10304,36085003300
10043,36,10304,36085004000
10044,36,10304,36085004700
10045,36,10304,36085005000
10046,36,10304,36085009601
10047,36,10304,36085009602
10048,36,10304,36085011401
10049,36,10304,36085017700
10050,36,10304,36085018100
10051,36,10305,36085000600
10052,36,10305,36085000800
10053,36,10305,36085001800
10054,36,10305,36085002001
10055,36,10305,36085002002
10056,36,10305,36085003600
10057,36,10305,36085005000
10058,36,10305,36085006400
10059,36,10305,36085007000
10060,36,10305,36085007400
10061,36,10305,36085009601
10062,36,10305,36085009602
10063,36,10305,36085011201
10064,36,10305,36085011202
10065,36,10305,36085011401
10066,36,10306,36085011201
10067,36,10306,36085011202
10068,36,10306,36085011401
10069,36,10306,36085011402
10070,36,10306,36085012200
10071,36,10306,36085012804
10072,36,10306,36085012805
10073,36,10306,36085012806
10074,36,10306,36085013201
10075,36,10306,36085013203
10076,36,10306,36085013204
10077,36,10306,36085013400
10078,36,10306,36085013800
10079,36,10306,36085014606
10080,36,10306,36085018100
10081,36,10306,36085027900
10082,36,10307,36085019800
10083,36,10307,36085024401
10084,36,10307,36085024402
10085,36,10307,36085024800
10086,36,10308,36085013203
10087,36,10308,36085014604
10088,36,10308,36085014605
10089,36,10308,36085014606
10090,36,10308,36085014607
10091,36,10308,36085014608
10092,36,10308,36085015601
10093,36,10308,36085015603
10094,36,10309,36085019800
10095,36,10309,36085020801
10096,36,10309,36085020803
10097,36,10309,36085020804
10098,36,10309,36085022600
10099,36,10309,36085024401
10100,36,10309,36085024402
10101,36,10309,36085024800
10102,36,10310,36085005900
10103,36,10310,36085006700
10104,36,10310,36085009700
10105,36,10310,36085010500
10106,36,10310,36085012100
10107,36,10310,36085012500
10108,36,10310,36085013301
10109,36,10310,36085013302
10110,36,10310,36085014100
10111,36,10310,36085014700
10112,36,10310,36085015100
10114,36,10312,36085014604
10115,36,10312,36085014607
10116,36,10312,36085015601
10117,36,10312,36085015602
10118,36,10312,36085015603
10119,36,10312,36085017005
10120,36,10312,36085017007
10121,36,10312,36085017008
10122,36,10312,36085017009
10123,36,10312,36085017010
10124,36,10312,36085017011
10125,36,10312,36085017012
10126,36,10312,36085017600
10127,36,10312,36085019800
10128,36,10312,36085020801
10129,36,10312,36085020804
10130,36,10312,36085022800
10131,36,10312,36085027900
10132,36,10314,36085014700
10133,36,10314,36085015100
10134,36,10314,36085016901
10135,36,10314,36085017300
10136,36,10314,36085017700
10137,36,10314,36085018100
10138,36,10314,36085018701
10139,36,10314,36085018702
10140,36,10314,36085018901
10141,36,10314,36085018902
10142,36,10314,36085019700
10143,36,10314,36085020100
10144,36,10314,36085022800
10145,36,10314,36085025100
10146,36,10314,36085027301
10147,36,10314,36085027302
10148,36,10314,36085027702
10149,36,10314,36085027704
10150,36,10314,36085027705
10151,36,10314,36085027706
10152,36,10314,36085029102
10153,36,10314,36085029103
10154,36,10314,36085029104
10155,36,10314,36085030301
10156,36,10314,36085030302
10157,36,10451,36005005100
10158,36,10451,36005005902
10159,36,10451,36005006100
10160,36,10451,36005006300
10161,36,10451,36005006500
10162,36,10451,36005006700
10163,36,10451,36005006900
10164,36,10451,36005007100
10165,36,10451,36005014100
10166,36,10451,36005014300
10167,36,10451,36005017300
10168,36,10451,36005018301
10169,36,10451,36005018302
10170,36,10452,36005006300
10171,36,10452,36005018900
10172,36,10452,36005019300
10173,36,10452,36005019500
10174,36,10452,36005019700
10175,36,10452,36005019900
10176,36,10452,36005020100
10177,36,10452,36005020900
10178,36,10452,36005021100
10179,36,10452,36005021301
10180,36,10452,36005021302
10181,36,10452,36005021700
10182,36,10452,36005021900
10183,36,10452,36005022101
10184,36,10452,36005022102
10185,36,10452,36005022300
10186,36,10452,36005022702
10187,36,10453,36005005300
10188,36,10453,36005020501
10189,36,10453,36005020502
10190,36,10453,36005021501
10191,36,10453,36005021502
10192,36,10453,36005021700
10193,36,10453,36005022701
10194,36,10453,36005023301
10195,36,10453,36005023501
10196,36,10453,36005023704
10197,36,10453,36005023900
10198,36,10453,36005024100
10199,36,10453,36005024300
10200,36,10453,36005024501
10201,36,10453,36005024502
10202,36,10453,36005024700
10203,36,10453,36005024900
10204,36,10453,36005025100
10205,36,10453,36005025500
10206,36,10454,36005001900
10207,36,10454,36005002300
10208,36,10454,36005002500
10209,36,10454,36005002701
10210,36,10454,36005002702
10211,36,10454,36005003100
10212,36,10454,36005003300
10213,36,10454,36005003500
10214,36,10454,36005003900
10215,36,10454,36005004100
10216,36,10454,36005004300
10217,36,10454,36005005100
10218,36,10455,36005001900
10219,36,10455,36005003100
10220,36,10455,36005003500
10221,36,10455,36005003700
10222,36,10455,36005004300
10223,36,10455,36005006500
10224,36,10455,36005006700
10225,36,10455,36005006900
10226,36,10455,36005007100
10227,36,10455,36005007300
10228,36,10455,36005007500
10229,36,10455,36005007700
10230,36,10455,36005007900
10231,36,10455,36005008300
10232,36,10455,36005008500
10233,36,10455,36005009300
10234,36,10456,36005007100
10235,36,10456,36005007500
10236,36,10456,36005007700
10237,36,10456,36005013100
10238,36,10456,36005013300
10239,36,10456,36005013500
10240,36,10456,36005014100
10241,36,10456,36005014300
10242,36,10456,36005014500
10243,36,10456,36005014701
10244,36,10456,36005014702
10245,36,10456,36005014900
10246,36,10456,36005015100
10247,36,10456,36005016900
10248,36,10456,36005017300
10249,36,10456,36005017500
10250,36,10456,36005017701
10251,36,10456,36005017702
10252,36,10456,36005017901
10253,36,10456,36005017902
10254,36,10456,36005018101
10255,36,10456,36005018102
10256,36,10456,36005018302
10257,36,10456,36005018500
10258,36,10456,36005022500
10259,36,10457,36005016500
10260,36,10457,36005016700
10261,36,10457,36005016900
10262,36,10457,36005022500
10263,36,10457,36005022703
10264,36,10457,36005022901
10265,36,10457,36005022902
10266,36,10457,36005023100
10267,36,10457,36005023302
10268,36,10457,36005023502
10269,36,10457,36005036901
10270,36,10457,36005036902
10271,36,10457,36005037100
10272,36,10457,36005037300
10273,36,10457,36005037504
10274,36,10457,36005037900
10275,36,10457,36005038100
10276,36,10457,36005038301
10277,36,10457,36005038302
10278,36,10457,36005038500
10279,36,10457,36005039100
10280,36,10457,36005039300
10281,36,10457,36005039500
10282,36,10458,36005023702
10283,36,10458,36005033400
10284,36,10458,36005038301
10285,36,10458,36005038302
10286,36,10458,36005038500
10287,36,10458,36005038700
10288,36,10458,36005038900
10289,36,10458,36005039100
10290,36,10458,36005039300
10291,36,10458,36005039700
10292,36,10458,36005039901
10293,36,10458,36005039902
10294,36,10458,36005040302
10295,36,10458,36005040501
10296,36,10458,36005040502
10297,36,10458,36005040702
10298,36,10458,36005041300
10299,36,10458,36005041500
10300,36,10458,36005042500
10301,36,10459,36005007700
10302,36,10459,36005008500
10303,36,10459,36005008700
10304,36,10459,36005008900
10305,36,10459,36005011900
10306,36,10459,36005012101
10307,36,10459,36005012102
10308,36,10459,36005012300
10309,36,10459,36005012500
10310,36,10459,36005012701
10311,36,10459,36005012901
10312,36,10459,36005013100
10313,36,10459,36005013300
10314,36,10459,36005013500
10315,36,10459,36005015100
10316,36,10459,36005015300
10317,36,10459,36005015700
10318,36,10459,36005015900
10319,36,10460,36005006000
10320,36,10460,36005015300
10321,36,10460,36005015500
10322,36,10460,36005015700
10323,36,10460,36005016100
10324,36,10460,36005021601
10325,36,10460,36005021800
10326,36,10460,36005022000
10327,36,10460,36005023600
10328,36,10460,36005024000
10329,36,10460,36005033400
10330,36,10460,36005035900
10331,36,10460,36005036100
10332,36,10460,36005036300
10333,36,10460,36005036501
10334,36,10460,36005036502
10335,36,10460,36005036700
10336,36,10460,36005037100
10337,36,10460,36005039300
10338,36,10461,36005009600
10339,36,10461,36005018400
10340,36,10461,36005019400
10341,36,10461,36005020000
10342,36,10461,36005020200
10343,36,10461,36005020400
10344,36,10461,36005024800
10345,36,10461,36005025000
10346,36,10461,36005025200
10347,36,10461,36005025400
10348,36,10461,36005025600
10349,36,10461,36005026400
10350,36,10461,36005026601
10351,36,10461,36005026602
10352,36,10461,36005027600
10353,36,10461,36005028400
10354,36,10461,36005028600
10355,36,10461,36005028800
10356,36,10461,36005029600
10357,36,10461,36005030000
10358,36,10462,36005009200
10359,36,10462,36005009600
10360,36,10462,36005020200
10361,36,10462,36005020400
10362,36,10462,36005020601
10363,36,10462,36005021001
10364,36,10462,36005021002
10365,36,10462,36005021200
10366,36,10462,36005021601
10367,36,10462,36005021602
10368,36,10462,36005022000
10369,36,10462,36005022200
10370,36,10462,36005022401
10371,36,10462,36005022403
10372,36,10462,36005022404
10373,36,10462,36005022800
10374,36,10462,36005023000
10375,36,10462,36005023200
10376,36,10462,36005023600
10377,36,10462,36005023800
10378,36,10462,36005024000
10379,36,10462,36005024400
10380,36,10462,36005024600
10381,36,10462,36005024800
10382,36,10462,36005025000
10383,36,10462,36005025200
10384,36,10462,36005025600
10385,36,10462,36005033400
10386,36,10463,36005026900
10387,36,10463,36005027300
10388,36,10463,36005027700
10389,36,10463,36005027900
10390,36,10463,36005028100
10391,36,10463,36005028300
10392,36,10463,36005028500
10393,36,10463,36005028700
10394,36,10463,36005028900
10395,36,10463,36005029301
10396,36,10463,36005029302
10397,36,10463,36005029500
10398,36,10463,36005029700
10399,36,10463,36005030100
10400,36,10463,36005030701
10401,36,10463,36005030900
10402,36,10463,36005033500
10403,36,10463,36005040900
10404,36,10463,36061030900
10405,36,10464,36005045600
10406,36,10464,36005050400
10407,36,10464,36005051600
10408,36,10465,36005009000
10409,36,10465,36005011000
10410,36,10465,36005011800
10411,36,10465,36005013000
10412,36,10465,36005013200
10413,36,10465,36005013800
10414,36,10465,36005014400
10415,36,10465,36005015200
10416,36,10465,36005015800
10417,36,10465,36005016000
10418,36,10465,36005016200
10419,36,10465,36005016400
10420,36,10465,36005016600
10421,36,10465,36005019400
10422,36,10465,36005027401
10423,36,10465,36005027402
10424,36,10466,36005038600
10425,36,10466,36005039400
10426,36,10466,36005039600
10427,36,10466,36005039800
10428,36,10466,36005040400
10429,36,10466,36005040600
10430,36,10466,36005040800
10431,36,10466,36005041800
10432,36,10466,36005042000
10433,36,10466,36005042200
10434,36,10466,36005042400
10435,36,10466,36005042600
10436,36,10466,36005042800
10437,36,10466,36005043000
10438,36,10466,36005043400
10439,36,10466,36005043600
10440,36,10466,36005044200
10441,36,10466,36005044400
10442,36,10466,36005044800
10443,36,10466,36005045600
10444,36,10466,36005045800
10445,36,10466,36005046000
10446,36,10466,36005048400
10447,36,10467,36005032800
10448,36,10467,36005033000
10449,36,10467,36005033201
10450,36,10467,36005033202
10451,36,10467,36005033600
10452,36,10467,36005033800
10453,36,10467,36005034000
10454,36,10467,36005037200
10455,36,10467,36005037400
10456,36,10467,36005037600
10457,36,10467,36005037800
10458,36,10467,36005038000
10459,36,10467,36005039000
10460,36,10467,36005039200
10461,36,10467,36005039400
10462,36,10467,36005039600
10463,36,10467,36005041900
10464,36,10467,36005042100
10465,36,10467,36005042300
10466,36,10467,36005042500
10467,36,10467,36005042901
10468,36,10467,36005042902
10469,36,10467,36005043100
10470,36,10467,36005043500
10471,36,10468,36005023703
10472,36,10468,36005023900
10473,36,10468,36005025300
10474,36,10468,36005025500
10475,36,10468,36005025700
10476,36,10468,36005026100
10477,36,10468,36005026300
10478,36,10468,36005026500
10479,36,10468,36005026701
10480,36,10468,36005026702
10481,36,10468,36005026900
10482,36,10468,36005027300
10483,36,10468,36005040100
10484,36,10468,36005040303
10485,36,10468,36005040304
10486,36,10468,36005040701
10487,36,10468,36005040900
10488,36,10468,36005041100
10489,36,10469,36005028400
10490,36,10469,36005031000
10491,36,10469,36005031200
10492,36,10469,36005031400
10493,36,10469,36005031600
10494,36,10469,36005031800
10495,36,10469,36005032400
10496,36,10469,36005032600
10497,36,10469,36005032800
10498,36,10469,36005033400
10499,36,10469,36005034000
10500,36,10469,36005034200
10501,36,10469,36005034400
10502,36,10469,36005034800
10503,36,10469,36005035000
10504,36,10469,36005035600
10505,36,10469,36005035800
10506,36,10469,36005036000
10507,36,10469,36005036400
10508,36,10469,36005036800
10509,36,10469,36005037000
10510,36,10469,36005038200
10511,36,10469,36005038600
10512,36,10469,36005038800
10513,36,10469,36005039800
10514,36,10469,36005046000
10515,36,10469,36005046202
10516,36,10470,36005041400
10517,36,10470,36005041800
10518,36,10470,36005043400
10519,36,10470,36005043500
10520,36,10470,36005044200
10521,36,10470,36005044901
10522,36,10470,36005044902
10523,36,10470,36005045101
10524,36,10470,36005045102
10525,36,10471,36005028500
10526,36,10471,36005030701
10527,36,10471,36005030900
10528,36,10471,36005031900
10529,36,10471,36005032300
10530,36,10471,36005033500
10531,36,10471,36005033700
10532,36,10471,36005034300
10533,36,10471,36005034500
10534,36,10471,36005035100
10535,36,10471,36005043500
10536,36,10472,36005004001
10537,36,10472,36005004400
10538,36,10472,36005004800
10539,36,10472,36005005001
10540,36,10472,36005005002
10541,36,10472,36005005200
10542,36,10472,36005005400
10543,36,10472,36005005600
10544,36,10472,36005006200
10545,36,10472,36005006400
10546,36,10472,36005006800
10547,36,10472,36005007000
10548,36,10472,36005007200
10549,36,10472,36005007600
10550,36,10472,36005007800
10551,36,10473,36005000200
10552,36,10473,36005000400
10553,36,10473,36005001600
10554,36,10473,36005002000
10555,36,10473,36005002400
10556,36,10473,36005002800
10557,36,10473,36005003800
10558,36,10473,36005004200
10559,36,10473,36005004600
10560,36,10473,36005007400
10561,36,10473,36005008400
10562,36,10473,36005008600
10563,36,10473,36005009000
10564,36,10473,36005009800
10565,36,10474,36005009300
10566,36,10474,36005011502
10567,36,10474,36005011700
10568,36,10475,36005027600
10569,36,10475,36005030200
10570,36,10475,36005045600
10571,36,10475,36005046201
10572,36,10475,36005046202
11270,36,11004,36081155102
11271,36,11004,36081157101
11272,36,11004,36081157901
11273,36,11004,36081157902
11274,36,11004,36081157903
11334,36,11101,36081000100
11335,36,11101,36081000700
11336,36,11101,36081001900
11337,36,11101,36081002500
11338,36,11101,36081003100
11339,36,11101,36081003300
11340,36,11101,36081003700
11341,36,11101,36081003900
11342,36,11101,36081004300
11343,36,11101,36081005100
11344,36,11101,36081005500
11345,36,11101,36081005700
11346,36,11101,36081008500
11347,36,11101,36081015700
11348,36,11101,36081015900
11349,36,11101,36081016100
11350,36,11101,36081016300
11351,36,11101,36081017100
11352,36,11101,36081017900
11353,36,11101,36081018700
11354,36,11101,36081018900
11355,36,11101,36081019900
11356,36,11102,36081006300
11357,36,11102,36081006501
11358,36,11102,36081006900
11359,36,11102,36081007100
11360,36,11102,36081007300
11361,36,11102,36081007900
11362,36,11102,36081008100
11363,36,11102,36081008300
11364,36,11102,36081008700
11365,36,11102,36081009100
11366,36,11102,36081009500
11367,36,11102,36081009700
11368,36,11102,36081009900
11369,36,11102,36081012500
11370,36,11103,36081005900
11371,36,11103,36081006100
11372,36,11103,36081006300
11373,36,11103,36081006501
11374,36,11103,36081006502
11375,36,11103,36081012500
11376,36,11103,36081014100
11377,36,11103,36081014300
11378,36,11103,36081014500
11379,36,11103,36081014700
11380,36,11103,36081014900
11381,36,11103,36081015100
11382,36,11103,36081015300
11383,36,11103,36081015500
11384,36,11103,36081015700
11385,36,11103,36081015900
11386,36,11103,36081016100
11387,36,11103,36081016300
11388,36,11103,36081029700
11389,36,11104,36081016900
11390,36,11104,36081017100
11391,36,11104,36081017900
11392,36,11104,36081018101
11393,36,11104,36081018102
11394,36,11104,36081018300
11395,36,11104,36081018501
11396,36,11104,36081018502
11397,36,11104,36081018700
11398,36,11104,36081018900
11399,36,11104,36081023500
11400,36,11104,36081025301
11401,36,11105,36081009700
11402,36,11105,36081010100
11403,36,11105,36081010300
11404,36,11105,36081010500
11405,36,11105,36081010701
11406,36,11105,36081011100
11407,36,11105,36081011300
11408,36,11105,36081011500
11409,36,11105,36081011700
11410,36,11105,36081011900
11411,36,11105,36081012100
11412,36,11105,36081012301
11413,36,11105,36081013500
11414,36,11105,36081013700
11415,36,11105,36081031700
11416,36,11106,36081003300
11417,36,11106,36081003700
11418,36,11106,36081003900
11419,36,11106,36081004300
11420,36,11106,36081004500
11421,36,11106,36081004700
11422,36,11106,36081005100
11423,36,11106,36081005300
11424,36,11106,36081005500
11425,36,11106,36081005700
11426,36,11106,36081005900
11427,36,11106,36081006100
11428,36,11106,36081007300
11429,36,11106,36081007500
11430,36,11106,36081007700
11431,36,11106,36081008100
11432,36,11106,36081008500
11433,36,11109,36081000100
11434,36,11201,36047000100
11435,36,11201,36047000301
11436,36,11201,36047000501
11437,36,11201,36047000502
11438,36,11201,36047000700
11439,36,11201,36047000900
11440,36,11201,36047001100
11441,36,11201,36047001300
11442,36,11201,36047001500
11443,36,11201,36047002100
11444,36,11201,36047002300
11445,36,11201,36047002901
11446,36,11201,36047003100
11447,36,11201,36047003300
11448,36,11201,36047003700
11449,36,11201,36047004100
11450,36,11201,36047004300
11451,36,11201,36047004500
11452,36,11201,36047004700
11453,36,11201,36047004900
11454,36,11201,36047006900
11455,36,11203,36047072600
11456,36,11203,36047080600
11457,36,11203,36047080800
11458,36,11203,36047081000
11459,36,11203,36047081400
11460,36,11203,36047081600
11461,36,11203,36047081800
11462,36,11203,36047082400
11463,36,11203,36047082600
11464,36,11203,36047083000
11465,36,11203,36047083200
11466,36,11203,36047083400
11467,36,11203,36047083600
11468,36,11203,36047083800
11469,36,11203,36047084000
11470,36,11203,36047084600
11471,36,11203,36047084800
11472,36,11203,36047085000
11473,36,11203,36047085200
11474,36,11203,36047085400
11475,36,11203,36047085600
11476,36,11203,36047085800
11477,36,11203,36047086000
11478,36,11203,36047086200
11479,36,11203,36047086400
11480,36,11203,36047086600
11481,36,11203,36047086800
11482,36,11203,36047087000
11483,36,11203,36047087200
11484,36,11203,36047087401
11485,36,11203,36047087600
11486,36,11203,36047087800
11487,36,11203,36047088000
11488,36,11203,36047093200
11489,36,11203,36047093600
11490,36,11203,36047093800
11491,36,11203,36047094401
11492,36,11203,36047094600
11493,36,11204,36047018800
11494,36,11204,36047024200
11495,36,11204,36047024400
11496,36,11204,36047024600
11497,36,11204,36047024800
11498,36,11204,36047025200
11499,36,11204,36047025400
11500,36,11204,36047025600
11501,36,11204,36047025800
11502,36,11204,36047026000
11503,36,11204,36047026200
11504,36,11204,36047026400
11505,36,11204,36047026600
11506,36,11204,36047026800
11507,36,11204,36047027400
11508,36,11204,36047043000
11509,36,11204,36047043200
11510,36,11204,36047043400
11511,36,11204,36047043600
11512,36,11204,36047043800
11513,36,11204,36047044000
11514,36,11204,36047044600
11515,36,11204,36047044800
11516,36,11204,36047046202
11517,36,11204,36047046400
11518,36,11204,36047046800
11519,36,11204,36047047000
11520,36,11204,36047047200
11521,36,11204,36047047400
11522,36,11204,36047047600
11523,36,11204,36047047800
11524,36,11205,36047002901
11525,36,11205,36047018100
11526,36,11205,36047018300
11527,36,11205,36047018501
11528,36,11205,36047018700
11529,36,11205,36047019100
11530,36,11205,36047019300
11531,36,11205,36047019500
11532,36,11205,36047019700
11533,36,11205,36047021100
11534,36,11205,36047023300
11535,36,11205,36047023500
11536,36,11205,36047024100
11537,36,11205,36047024300
11538,36,11205,36047054300
11539,36,11205,36047123700
11540,36,11206,36047025300
11541,36,11206,36047025500
11542,36,11206,36047025700
11543,36,11206,36047025901
11544,36,11206,36047025902
11545,36,11206,36047026100
11546,36,11206,36047028100
11547,36,11206,36047028300
11548,36,11206,36047028501
11549,36,11206,36047028502
11550,36,11206,36047028700
11551,36,11206,36047028900
11552,36,11206,36047038900
11553,36,11206,36047039100
11554,36,11206,36047042300
11555,36,11206,36047042500
11556,36,11206,36047045300
11557,36,11206,36047048500
11558,36,11206,36047048900
11559,36,11206,36047049100
11560,36,11206,36047049300
11561,36,11206,36047049500
11562,36,11206,36047050300
11563,36,11206,36047050500
11564,36,11206,36047050700
11565,36,11206,36047050900
11566,36,11206,36047051100
11567,36,11206,36047051300
11568,36,11206,36047052900
11569,36,11206,36047053100
11570,36,11207,36047036700
11571,36,11207,36047036900
11572,36,11207,36047040100
11573,36,11207,36047040300
11574,36,11207,36047040500
11575,36,11207,36047040700
11576,36,11207,36047040900
11577,36,11207,36047041100
11578,36,11207,36047041300
11579,36,11207,36047043700
11580,36,11207,36047098200
11581,36,11207,36047107000
11582,36,11207,36047107800
11583,36,11207,36047109800
11584,36,11207,36047110400
11585,36,11207,36047110600
11586,36,11207,36047111000
11587,36,11207,36047111600
11588,36,11207,36047112000
11589,36,11207,36047112200
11590,36,11207,36047112400
11591,36,11207,36047112600
11592,36,11207,36047112800
11593,36,11207,36047113000
11594,36,11207,36047113200
11595,36,11207,36047113400
11596,36,11207,36047114201
11597,36,11207,36047114202
11598,36,11207,36047114400
11599,36,11207,36047114600
11600,36,11207,36047115000
11601,36,11207,36047115200
11602,36,11207,36047115600
11603,36,11207,36047115800
11604,36,11207,36047116000
11605,36,11207,36047116200
11606,36,11207,36047117000
11607,36,11207,36047117201
11608,36,11207,36047119800
11609,36,11208,36047107000
11610,36,11208,36047107800
11611,36,11208,36047111600
11612,36,11208,36047111800
11613,36,11208,36047112000
11614,36,11208,36047115000
11615,36,11208,36047116400
11616,36,11208,36047116600
11617,36,11208,36047116800
11618,36,11208,36047117000
11619,36,11208,36047117201
11620,36,11208,36047117202
11621,36,11208,36047117400
11622,36,11208,36047117601
11623,36,11208,36047117602
11624,36,11208,36047117800
11625,36,11208,36047118000
11626,36,11208,36047118201
11627,36,11208,36047118202
11628,36,11208,36047118400
11629,36,11208,36047118600
11630,36,11208,36047118800
11631,36,11208,36047119000
11632,36,11208,36047119200
11633,36,11208,36047119400
11634,36,11208,36047119600
11635,36,11208,36047120000
11636,36,11208,36047120200
11637,36,11208,36047120800
11638,36,11208,36047121000
11639,36,11208,36047121400
11640,36,11208,36047122000
11641,36,11209,36047003400
11642,36,11209,36047003600
11643,36,11209,36047003800
11644,36,11209,36047004400
11645,36,11209,36047004600
11646,36,11209,36047005000
11647,36,11209,36047005201
11648,36,11209,36047005202
11649,36,11209,36047005400
11650,36,11209,36047005601
11651,36,11209,36047005602
11652,36,11209,36047005800
11653,36,11209,36047006000
11654,36,11209,36047006200
11655,36,11209,36047006400
11656,36,11209,36047006600
11657,36,11209,36047006800
11658,36,11209,36047013000
11659,36,11209,36047013400
11660,36,11209,36047013600
11661,36,11209,36047013800
11662,36,11209,36047014200
11663,36,11209,36047015200
11664,36,11209,36047015400
11665,36,11209,36047016000
11666,36,11209,36047016200
11667,36,11209,36047016400
11668,36,11210,36047051601
11669,36,11210,36047054600
11670,36,11210,36047064200
11671,36,11210,36047072600
11672,36,11210,36047073200
11673,36,11210,36047073400
11674,36,11210,36047073600
11675,36,11210,36047073800
11676,36,11210,36047074000
11677,36,11210,36047074200
11678,36,11210,36047074400
11679,36,11210,36047074600
11680,36,11210,36047074800
11681,36,11210,36047075000
11682,36,11210,36047075200
11683,36,11210,36047075400
11684,36,11210,36047075600
11685,36,11210,36047075800
11686,36,11210,36047076000
11687,36,11210,36047076200
11688,36,11210,36047076600
11689,36,11210,36047077000
11690,36,11210,36047077200
11691,36,11210,36047077400
11692,36,11210,36047077600
11693,36,11210,36047078000
11694,36,11210,36047078200
11695,36,11210,36047078400
11696,36,11210,36047078600
11697,36,11210,36047078800
11698,36,11210,36047082800
11699,36,11210,36047083000
11700,36,11210,36047083600
11701,36,11211,36047044900
11702,36,11211,36047047700
11703,36,11211,36047048100
11704,36,11211,36047048500
11705,36,11211,36047049500
11706,36,11211,36047049700
11707,36,11211,36047050100
11708,36,11211,36047050300
11709,36,11211,36047051300
11710,36,11211,36047051500
11711,36,11211,36047051700
11712,36,11211,36047051900
11713,36,11211,36047052300
11714,36,11211,36047052500
11715,36,11211,36047052700
11716,36,11211,36047052900
11717,36,11211,36047053300
11718,36,11211,36047053500
11719,36,11211,36047053700
11720,36,11211,36047053900
11721,36,11211,36047054300
11722,36,11211,36047054500
11723,36,11211,36047054700
11724,36,11211,36047054900
11725,36,11211,36047055100
11726,36,11211,36047055300
11727,36,11211,36047055500
11728,36,11211,36047055700
11729,36,11211,36047056100
11730,36,11211,36047056900
11731,36,11212,36047036100
11732,36,11212,36047036300
11733,36,11212,36047086400
11734,36,11212,36047086600
11735,36,11212,36047088000
11736,36,11212,36047088200
11737,36,11212,36047088400
11738,36,11212,36047088600
11739,36,11212,36047088800
11740,36,11212,36047089000
11741,36,11212,36047089200
11742,36,11212,36047089400
11743,36,11212,36047089600
11744,36,11212,36047089800
11745,36,11212,36047090000
11746,36,11212,36047090200
11747,36,11212,36047090600
11748,36,11212,36047090800
11749,36,11212,36047091000
11750,36,11212,36047091200
11751,36,11212,36047091600
11752,36,11212,36047091800
11753,36,11212,36047092000
11754,36,11212,36047092200
11755,36,11212,36047092400
11756,36,11213,36047027100
11757,36,11213,36047030700
11758,36,11213,36047030900
11759,36,11213,36047031100
11760,36,11213,36047031300
11761,36,11213,36047033100
11762,36,11213,36047033300
11763,36,11213,36047033500
11764,36,11213,36047033700
11765,36,11213,36047033900
11766,36,11213,36047034100
11767,36,11213,36047034300
11768,36,11213,36047034500
11769,36,11213,36047034700
11770,36,11213,36047034900
11771,36,11213,36047035100
11772,36,11213,36047035300
11773,36,11213,36047035500
11774,36,11213,36047035700
11775,36,11214,36047016800
11776,36,11214,36047017200
11777,36,11214,36047017400
11778,36,11214,36047017600
11779,36,11214,36047017800
11780,36,11214,36047018000
11781,36,11214,36047018200
11782,36,11214,36047018800
11783,36,11214,36047026400
11784,36,11214,36047026800
11785,36,11214,36047027000
11786,36,11214,36047027200
11787,36,11214,36047027400
11788,36,11214,36047027600
11789,36,11214,36047027800
11790,36,11214,36047028000
11791,36,11214,36047028200
11792,36,11214,36047028400
11793,36,11214,36047028600
11794,36,11214,36047028800
11795,36,11214,36047029000
11796,36,11214,36047029200
11797,36,11214,36047029400
11798,36,11214,36047029600
11799,36,11214,36047029800
11800,36,11214,36047030000
11801,36,11214,36047030200
11802,36,11214,36047030400
11803,36,11214,36047030600
11804,36,11214,36047030800
11805,36,11214,36047031400
11806,36,11214,36047034800
11807,36,11214,36047040400
11808,36,11214,36047042800
11809,36,11215,36047011700
11810,36,11215,36047011900
11811,36,11215,36047012100
11812,36,11215,36047013300
11813,36,11215,36047013500
11814,36,11215,36047013700
11815,36,11215,36047013900
11816,36,11215,36047014100
11817,36,11215,36047014300
11818,36,11215,36047014500
11819,36,11215,36047014700
11820,36,11215,36047014900
11821,36,11215,36047015100
11822,36,11215,36047015300
11823,36,11215,36047015500
11824,36,11215,36047015700
11825,36,11215,36047016500
11826,36,11215,36047016700
11827,36,11215,36047016900
11828,36,11215,36047017100
11829,36,11215,36047017500
11830,36,11215,36047150200
11831,36,11216,36047021900
11832,36,11216,36047022100
11833,36,11216,36047022700
11834,36,11216,36047022900
11835,36,11216,36047023300
11836,36,11216,36047024300
11837,36,11216,36047024500
11838,36,11216,36047024700
11839,36,11216,36047024900
11840,36,11216,36047025100
11841,36,11216,36047025300
11842,36,11216,36047026100
11843,36,11216,36047026300
11844,36,11216,36047026500
11845,36,11216,36047026700
11846,36,11216,36047026900
11847,36,11216,36047027100
11848,36,11216,36047027300
11849,36,11216,36047027500
11850,36,11216,36047031300
11851,36,11216,36047031500
11852,36,11216,36047031701
11853,36,11216,36047031702
11854,36,11217,36047003300
11855,36,11217,36047003500
11856,36,11217,36047003700
11857,36,11217,36047003900
11858,36,11217,36047004100
11859,36,11217,36047007100
11860,36,11217,36047007500
11861,36,11217,36047011900
11862,36,11217,36047012700
11863,36,11217,36047012901
11864,36,11217,36047012902
11865,36,11217,36047013100
11866,36,11217,36047015900
11867,36,11217,36047016100
11868,36,11217,36047017900
11869,36,11217,36047018100
11870,36,11218,36047017100
11871,36,11218,36047017700
11872,36,11218,36047022400
11873,36,11218,36047022600
11874,36,11218,36047022800
11875,36,11218,36047023000
11876,36,11218,36047023200
11877,36,11218,36047047800
11878,36,11218,36047048000
11879,36,11218,36047048200
11880,36,11218,36047048400
11881,36,11218,36047048600
11882,36,11218,36047048800
11883,36,11218,36047049000
11884,36,11218,36047049200
11885,36,11218,36047049400
11886,36,11218,36047049600
11887,36,11218,36047049800
11888,36,11218,36047050000
11889,36,11218,36047050202
11890,36,11218,36047050400
11891,36,11218,36047050600
11892,36,11218,36047052000
11893,36,11218,36047052600
11894,36,11218,36047150200
11895,36,11218,36047152200
11896,36,11219,36047011000
11897,36,11219,36047011200
11898,36,11219,36047011400
11899,36,11219,36047011600
11900,36,11219,36047011800
11901,36,11219,36047012000
11902,36,11219,36047012801
11903,36,11219,36047019000
11904,36,11219,36047019200
11905,36,11219,36047019400
11906,36,11219,36047019600
11907,36,11219,36047021000
11908,36,11219,36047021200
11909,36,11219,36047021400
11910,36,11219,36047021600
11911,36,11219,36047021800
11912,36,11219,36047022000
11913,36,11219,36047022200
11914,36,11219,36047022400
11915,36,11219,36047023000
11916,36,11219,36047023200
11917,36,11219,36047023400
11918,36,11219,36047023600
11919,36,11219,36047023800
11920,36,11219,36047024000
11921,36,11219,36047024200
11922,36,11219,36047025000
11923,36,11219,36047026200
11924,36,11220,36047000200
11925,36,11220,36047001800
11926,36,11220,36047002000
11927,36,11220,36047002200
11928,36,11220,36047003000
11929,36,11220,36047003400
11930,36,11220,36047006800
11931,36,11220,36047007000
11932,36,11220,36047007200
11933,36,11220,36047007400
11934,36,11220,36047007600
11935,36,11220,36047007800
11936,36,11220,36047008000
11937,36,11220,36047008200
11938,36,11220,36047009200
11939,36,11220,36047009400
11940,36,11220,36047009600
11941,36,11220,36047009800
11942,36,11220,36047010000
11943,36,11220,36047010200
11944,36,11220,36047010400
11945,36,11220,36047010600
11946,36,11220,36047010800
11947,36,11220,36047011600
11948,36,11220,36047011800
11949,36,11220,36047012000
11950,36,11220,36047012200
11951,36,11220,36047012600
11952,36,11220,36047012801
11953,36,11220,36047013000
11954,36,11220,36047013200
11955,36,11221,36047026100
11956,36,11221,36047026300
11957,36,11221,36047026500
11958,36,11221,36047026700
11959,36,11221,36047027500
11960,36,11221,36047027700
11961,36,11221,36047027900
11962,36,11221,36047028100
11963,36,11221,36047028700
11964,36,11221,36047028900
11965,36,11221,36047029100
11966,36,11221,36047029300
11967,36,11221,36047029500
11968,36,11221,36047037500
11969,36,11221,36047038300
11970,36,11221,36047038500
11971,36,11221,36047038700
11972,36,11221,36047038900
11973,36,11221,36047039100
11974,36,11221,36047039300
11975,36,11221,36047039500
11976,36,11221,36047039700
11977,36,11221,36047039900
11978,36,11221,36047041300
11979,36,11221,36047041500
11980,36,11221,36047041700
11981,36,11221,36047041900
11982,36,11221,36047042100
11983,36,11221,36047042300
11984,36,11221,36047043300
11985,36,11221,36047043500
11986,36,11221,36047043700
11987,36,11222,36047044900
11988,36,11222,36047047700
11989,36,11222,36047049900
11990,36,11222,36047051500
11991,36,11222,36047051700
11992,36,11222,36047056100
11993,36,11222,36047056300
11994,36,11222,36047056500
11995,36,11222,36047056900
11996,36,11222,36047057100
11997,36,11222,36047057300
11998,36,11222,36047057500
11999,36,11222,36047057900
12000,36,11222,36047058900
12001,36,11222,36047059100
12002,36,11222,36047059300
12003,36,11223,36047029800
12004,36,11223,36047030800
12005,36,11223,36047037401
12006,36,11223,36047037402
12007,36,11223,36047038200
12008,36,11223,36047038600
12009,36,11223,36047038800
12010,36,11223,36047039000
12011,36,11223,36047039200
12012,36,11223,36047039400
12013,36,11223,36047039600
12014,36,11223,36047039800
12015,36,11223,36047040000
12016,36,11223,36047040200
12017,36,11223,36047040400
12018,36,11223,36047040600
12019,36,11223,36047040800
12020,36,11223,36047041000
12021,36,11223,36047041200
12022,36,11223,36047041401
12023,36,11223,36047041402
12024,36,11223,36047041600
12025,36,11223,36047041800
12026,36,11223,36047042000
12027,36,11223,36047042200
12028,36,11223,36047042400
12029,36,11223,36047042600
12030,36,11223,36047042800
12031,36,11223,36047055600
12032,36,11223,36047058200
12033,36,11223,36047058400
12034,36,11224,36047032600
12035,36,11224,36047032800
12036,36,11224,36047033000
12037,36,11224,36047033600
12038,36,11224,36047034000
12039,36,11224,36047034200
12040,36,11224,36047034800
12041,36,11224,36047035000
12042,36,11224,36047035200
12043,36,11224,36047035400
12044,36,11224,36047035601
12045,36,11224,36047035602
12046,36,11225,36047017700
12047,36,11225,36047021300
12048,36,11225,36047031900
12049,36,11225,36047032100
12050,36,11225,36047032300
12051,36,11225,36047032500
12052,36,11225,36047032700
12053,36,11225,36047032900
12054,36,11225,36047033100
12055,36,11225,36047033300
12056,36,11225,36047079601
12057,36,11225,36047079801
12058,36,11225,36047079802
12059,36,11225,36047080000
12060,36,11225,36047080200
12061,36,11225,36047080400
12062,36,11225,36047080600
12063,36,11226,36047050600
12064,36,11226,36047050801
12065,36,11226,36047050803
12066,36,11226,36047050804
12067,36,11226,36047051001
12068,36,11226,36047051002
12069,36,11226,36047051200
12070,36,11226,36047051400
12071,36,11226,36047051601
12072,36,11226,36047051602
12073,36,11226,36047051800
12074,36,11226,36047052000
12075,36,11226,36047079000
12076,36,11226,36047079200
12077,36,11226,36047079400
12078,36,11226,36047079601
12079,36,11226,36047079602
12080,36,11226,36047079802
12081,36,11226,36047080200
12082,36,11226,36047080400
12083,36,11226,36047081800
12084,36,11226,36047082000
12085,36,11226,36047082200
12086,36,11226,36047082400
12087,36,11226,36047082600
12088,36,11226,36047082800
12089,36,11226,36047083000
12090,36,11226,36047152200
12091,36,11228,36047013200
12092,36,11228,36047014000
12093,36,11228,36047014800
12094,36,11228,36047015000
12095,36,11228,36047015200
12096,36,11228,36047015400
12097,36,11228,36047016600
12098,36,11228,36047016800
12099,36,11228,36047017000
12100,36,11228,36047017200
12101,36,11228,36047018400
12102,36,11228,36047018600
12103,36,11228,36047018800
12104,36,11228,36047019000
12105,36,11228,36047019600
12106,36,11228,36047019800
12107,36,11228,36047020000
12108,36,11228,36047020200
12109,36,11228,36047020400
12110,36,11228,36047020600
12111,36,11228,36047020800
12112,36,11228,36047026200
12113,36,11229,36047054600
12114,36,11229,36047054800
12115,36,11229,36047055000
12116,36,11229,36047055200
12117,36,11229,36047055400
12118,36,11229,36047055600
12119,36,11229,36047055800
12120,36,11229,36047056000
12121,36,11229,36047056200
12122,36,11229,36047056400
12123,36,11229,36047056600
12124,36,11229,36047056800
12125,36,11229,36047057000
12126,36,11229,36047057200
12127,36,11229,36047057400
12128,36,11229,36047057600
12129,36,11229,36047057800
12130,36,11229,36047058000
12131,36,11229,36047058200
12132,36,11229,36047058400
12133,36,11229,36047058600
12134,36,11229,36047059200
12135,36,11229,36047059401
12136,36,11229,36047059402
12137,36,11229,36047062600
12138,36,11229,36047062800
12139,36,11229,36047063200
12140,36,11229,36047063800
12141,36,11229,36047064000
12142,36,11229,36047064200
12143,36,11229,36047064400
12144,36,11229,36047066600
12145,36,11229,36047075600
12146,36,11230,36047042000
12147,36,11230,36047043800
12148,36,11230,36047044000
12149,36,11230,36047044200
12150,36,11230,36047044400
12151,36,11230,36047044600
12152,36,11230,36047044800
12153,36,11230,36047045000
12154,36,11230,36047045200
12155,36,11230,36047045400
12156,36,11230,36047045600
12157,36,11230,36047045800
12158,36,11230,36047046000
12159,36,11230,36047046201
12160,36,11230,36047046202
12161,36,11230,36047047600
12162,36,11230,36047048000
12163,36,11230,36047048200
12164,36,11230,36047052000
12165,36,11230,36047052600
12166,36,11230,36047052800
12167,36,11230,36047053000
12168,36,11230,36047053200
12169,36,11230,36047053400
12170,36,11230,36047053800
12171,36,11230,36047054200
12172,36,11230,36047054400
12173,36,11230,36047054600
12174,36,11230,36047075800
12175,36,11230,36047076000
12176,36,11230,36047076200
12177,36,11230,36047076400
12178,36,11230,36047076600
12179,36,11230,36047076800
12180,36,11230,36047077200
12181,36,11231,36047004700
12182,36,11231,36047004900
12183,36,11231,36047005100
12184,36,11231,36047005300
12185,36,11231,36047005900
12186,36,11231,36047006300
12187,36,11231,36047006500
12188,36,11231,36047006700
12189,36,11231,36047006900
12190,36,11231,36047007500
12191,36,11231,36047007700
12192,36,11231,36047008500
12193,36,11232,36047000200
12194,36,11232,36047001800
12195,36,11232,36047008200
12196,36,11232,36047008400
12197,36,11232,36047008800
12198,36,11232,36047009000
12199,36,11232,36047009200
12200,36,11232,36047010100
12201,36,11232,36047014300
12202,36,11232,36047014500
12203,36,11233,36047027300
12204,36,11233,36047027500
12205,36,11233,36047029500
12206,36,11233,36047029700
12207,36,11233,36047029900
12208,36,11233,36047030100
12209,36,11233,36047030300
12210,36,11233,36047030700
12211,36,11233,36047035900
12212,36,11233,36047036100
12213,36,11233,36047036300
12214,36,11233,36047036501
12215,36,11233,36047036502
12216,36,11233,36047036700
12217,36,11233,36047036900
12218,36,11233,36047037100
12219,36,11233,36047037300
12220,36,11233,36047037500
12221,36,11233,36047037700
12222,36,11233,36047037900
12223,36,11233,36047038100
12224,36,11233,36047038300
12225,36,11234,36047063600
12226,36,11234,36047064000
12227,36,11234,36047064400
12228,36,11234,36047064600
12229,36,11234,36047064800
12230,36,11234,36047065000
12231,36,11234,36047065200
12232,36,11234,36047065400
12233,36,11234,36047065600
12234,36,11234,36047065800
12235,36,11234,36047066000
12236,36,11234,36047066200
12237,36,11234,36047066600
12238,36,11234,36047067000
12239,36,11234,36047067200
12240,36,11234,36047067400
12241,36,11234,36047067600
12242,36,11234,36047067800
12243,36,11234,36047068000
12244,36,11234,36047068200
12245,36,11234,36047068600
12246,36,11234,36047068800
12247,36,11234,36047069000
12248,36,11234,36047069200
12249,36,11234,36047069601
12250,36,11234,36047069602
12251,36,11234,36047069800
12252,36,11234,36047070000
12253,36,11234,36047070201
12254,36,11234,36047070202
12255,36,11234,36047070600
12256,36,11234,36047072000
12257,36,11234,36047072200
12258,36,11234,36047072400
12259,36,11234,36047072600
12260,36,11234,36047072800
12261,36,11234,36047073000
12262,36,11234,36047073200
12263,36,11234,36047073600
12264,36,11234,36047073800
12265,36,11234,36047074600
12266,36,11234,36047093200
12267,36,11234,36047094401
12268,36,11234,36047094402
12269,36,11235,36047035400
12270,36,11235,36047035602
12271,36,11235,36047036001
12272,36,11235,36047036002
12273,36,11235,36047036200
12274,36,11235,36047036400
12275,36,11235,36047036600
12276,36,11235,36047037000
12277,36,11235,36047037401
12278,36,11235,36047058800
12279,36,11235,36047059000
12280,36,11235,36047059200
12281,36,11235,36047059401
12282,36,11235,36047059402
12283,36,11235,36047059600
12284,36,11235,36047059800
12285,36,11235,36047060000
12286,36,11235,36047060600
12287,36,11235,36047060800
12288,36,11235,36047061002
12289,36,11235,36047061003
12290,36,11235,36047061004
12291,36,11235,36047061200
12292,36,11235,36047061600
12293,36,11235,36047062000
12294,36,11235,36047062200
12295,36,11235,36047062600
12296,36,11235,36047062800
12297,36,11236,36047072200
12298,36,11236,36047088800
12299,36,11236,36047092200
12300,36,11236,36047092800
12301,36,11236,36047093000
12302,36,11236,36047093400
12303,36,11236,36047093600
12304,36,11236,36047094401
12305,36,11236,36047094600
12306,36,11236,36047095000
12307,36,11236,36047095400
12308,36,11236,36047095600
12309,36,11236,36047095800
12310,36,11236,36047096000
12311,36,11236,36047096200
12312,36,11236,36047096400
12313,36,11236,36047096600
12314,36,11236,36047096800
12315,36,11236,36047097000
12316,36,11236,36047097400
12317,36,11236,36047098200
12318,36,11236,36047098400
12319,36,11236,36047098600
12320,36,11236,36047098800
12321,36,11236,36047099000
12322,36,11236,36047099200
12323,36,11236,36047099400
12324,36,11236,36047099600
12325,36,11236,36047099800
12326,36,11236,36047100400
12327,36,11236,36047100600
12328,36,11236,36047100800
12329,36,11236,36047101000
12330,36,11236,36047101200
12331,36,11236,36047101400
12332,36,11236,36047101600
12333,36,11236,36047101800
12334,36,11236,36047102000
12335,36,11236,36047102200
12336,36,11236,36047102400
12337,36,11236,36047102600
12338,36,11236,36047102800
12339,36,11236,36047103400
12340,36,11236,36047109800
12341,36,11237,36047040900
12342,36,11237,36047042700
12343,36,11237,36047042900
12344,36,11237,36047043100
12345,36,11237,36047043300
12346,36,11237,36047043500
12347,36,11237,36047043700
12348,36,11237,36047043900
12349,36,11237,36047044100
12350,36,11237,36047044300
12351,36,11237,36047044500
12352,36,11237,36047044700
12353,36,11237,36047044900
12354,36,11237,36047045300
12355,36,11238,36047015900
12356,36,11238,36047016300
12357,36,11238,36047017700
12358,36,11238,36047017900
12359,36,11238,36047018100
12360,36,11238,36047019300
12361,36,11238,36047019700
12362,36,11238,36047019900
12363,36,11238,36047020100
12364,36,11238,36047020300
12365,36,11238,36047020500
12366,36,11238,36047020700
12367,36,11238,36047021500
12368,36,11238,36047021700
12369,36,11238,36047021900
12370,36,11238,36047022100
12371,36,11238,36047022700
12372,36,11238,36047022900
12373,36,11238,36047023100
12374,36,11238,36047023300
12375,36,11238,36047030500
12376,36,11239,36047105801
12377,36,11239,36047105804
12378,36,11239,36047107000
12379,36,11239,36047107800
12381,36,11354,36081085300
12382,36,11354,36081085500
12383,36,11354,36081086300
12384,36,11354,36081086500
12385,36,11354,36081086900
12386,36,11354,36081087100
12387,36,11354,36081088901
12388,36,11354,36081090700
12389,36,11354,36081091900
12390,36,11354,36081104700
12391,36,11354,36081105900
12392,36,11354,36081115100
12393,36,11354,36081115500
12394,36,11354,36081115700
12395,36,11354,36081115900
12396,36,11354,36081116100
12397,36,11354,36081116300
12398,36,11354,36081116700
12399,36,11354,36081117100
12400,36,11355,36081079701
12401,36,11355,36081079702
12402,36,11355,36081079900
12403,36,11355,36081080301
12404,36,11355,36081083700
12405,36,11355,36081084500
12406,36,11355,36081084900
12407,36,11355,36081085300
12408,36,11355,36081085500
12409,36,11355,36081085700
12410,36,11355,36081085900
12411,36,11355,36081086100
12412,36,11355,36081086300
12413,36,11355,36081087100
12414,36,11355,36081116300
12415,36,11355,36081116700
12416,36,11355,36081118500
12417,36,11355,36081118700
12418,36,11355,36081118900
12419,36,11355,36081119100
12420,36,11355,36081119900
12421,36,11355,36081120100
12422,36,11355,36081120300
12423,36,11355,36081120500
12424,36,11355,36081121500
12425,36,11356,36081090700
12426,36,11356,36081091900
12427,36,11356,36081092500
12428,36,11356,36081092900
12429,36,11356,36081093900
12430,36,11356,36081094500
12431,36,11356,36081094700
12432,36,11357,36081088901
12433,36,11357,36081094500
12434,36,11357,36081097300
12435,36,11357,36081098100
12436,36,11357,36081098700
12437,36,11357,36081099100
12438,36,11357,36081099701
12439,36,11357,36081101700
12440,36,11357,36081102900
12441,36,11357,36081103300
12442,36,11357,36081103900
12443,36,11357,36081104700
12444,36,11357,36081105900
12445,36,11358,36081101700
12446,36,11358,36081105900
12447,36,11358,36081108500
12448,36,11358,36081109900
12449,36,11358,36081113300
12450,36,11358,36081113900
12451,36,11358,36081114100
12452,36,11358,36081114700
12453,36,11358,36081115100
12454,36,11358,36081117100
12455,36,11358,36081117500
12456,36,11358,36081118100
12457,36,11358,36081118500
12458,36,11358,36081119100
12459,36,11358,36081119300
12460,36,11358,36081119500
12461,36,11358,36081119900
12462,36,11358,36081120700
12463,36,11358,36081141700
12464,36,11358,36081142900
12465,36,11358,36081145101
12466,36,11358,36081145900
12468,36,11360,36081099701
12469,36,11360,36081099703
12470,36,11360,36081099704
12471,36,11360,36081099705
12472,36,11360,36081108500
12473,36,11360,36081109300
12474,36,11361,36081109300
12475,36,11361,36081109700
12476,36,11361,36081109900
12477,36,11361,36081111300
12478,36,11361,36081112300
12479,36,11361,36081112900
12480,36,11361,36081113300
12481,36,11361,36081118100
12482,36,11361,36081138501
12483,36,11361,36081144100
12484,36,11361,36081144700
12485,36,11361,36081145102
12486,36,11361,36081146300
12487,36,11361,36081146700
12488,36,11361,36081147100
12489,36,11362,36081138502
12490,36,11362,36081147900
12491,36,11362,36081150701
12492,36,11362,36081150702
12493,36,11362,36081152901
12494,36,11362,36081152902
12495,36,11363,36081147900
12496,36,11363,36081148300
12497,36,11364,36081128300
12498,36,11364,36081129102
12499,36,11364,36081129103
12500,36,11364,36081129104
12501,36,11364,36081136700
12502,36,11364,36081137700
12503,36,11364,36081138501
12504,36,11364,36081139900
12505,36,11364,36081140300
12506,36,11364,36081140901
12507,36,11364,36081140902
12508,36,11364,36081142900
12509,36,11364,36081143500
12510,36,11364,36081144100
12511,36,11364,36081145102
12512,36,11365,36081120700
12513,36,11365,36081121100
12514,36,11365,36081121500
12515,36,11365,36081122300
12516,36,11365,36081122701
12517,36,11365,36081122702
12518,36,11365,36081124100
12519,36,11365,36081124700
12520,36,11365,36081125700
12521,36,11365,36081133300
12522,36,11365,36081134100
12523,36,11365,36081134700
12524,36,11365,36081140902
12525,36,11365,36081141700
12526,36,11365,36081142900
12527,36,11366,36081077904
12528,36,11366,36081124100
12529,36,11366,36081124700
12530,36,11366,36081125700
12531,36,11366,36081127700
12532,36,11366,36081128300
12533,36,11366,36081133300
12534,36,11366,36081133900
12535,36,11366,36081134700
12536,36,11367,36081038302
12537,36,11367,36081077902
12538,36,11367,36081077903
12539,36,11367,36081077904
12540,36,11367,36081077905
12541,36,11367,36081077906
12542,36,11367,36081077907
12543,36,11367,36081077908
12544,36,11367,36081079300
12545,36,11367,36081080302
12546,36,11367,36081080900
12547,36,11367,36081083700
12548,36,11367,36081122702
12549,36,11368,36081037300
12550,36,11368,36081037500
12551,36,11368,36081037700
12552,36,11368,36081037900
12553,36,11368,36081038100
12554,36,11368,36081038301
12555,36,11368,36081038302
12556,36,11368,36081039900
12557,36,11368,36081040100
12558,36,11368,36081040300
12559,36,11368,36081040500
12560,36,11368,36081040700
12561,36,11368,36081040900
12562,36,11368,36081041100
12563,36,11368,36081041300
12564,36,11368,36081041500
12565,36,11368,36081042700
12566,36,11368,36081043701
12567,36,11368,36081043702
12568,36,11368,36081043900
12569,36,11368,36081044301
12570,36,11368,36081044302
12571,36,11368,36081045500
12572,36,11368,36081046500
12573,36,11369,36081032900
12574,36,11369,36081033700
12575,36,11369,36081033900
12576,36,11369,36081034700
12577,36,11369,36081035100
12578,36,11369,36081035300
12579,36,11369,36081035700
12580,36,11369,36081036100
12581,36,11369,36081036300
12582,36,11369,36081036500
12583,36,11369,36081036700
12584,36,11369,36081037100
12585,36,11369,36081037300
12586,36,11370,36005000100
12587,36,11370,36081012301
12588,36,11370,36081013500
12589,36,11370,36081030902
12590,36,11370,36081030903
12591,36,11370,36081030904
12592,36,11370,36081031700
12593,36,11370,36081032700
12594,36,11370,36081032900
12595,36,11370,36081033700
12597,36,11372,36081026500
12598,36,11372,36081026700
12599,36,11372,36081026901
12600,36,11372,36081027300
12601,36,11372,36081027500
12602,36,11372,36081027700
12603,36,11372,36081027900
12604,36,11372,36081028100
12605,36,11372,36081028300
12606,36,11372,36081028500
12607,36,11372,36081028700
12608,36,11372,36081028900
12609,36,11372,36081029100
12610,36,11372,36081033900
12611,36,11372,36081037500
12612,36,11373,36081026700
12613,36,11373,36081026901
12614,36,11373,36081026902
12615,36,11373,36081027100
12616,36,11373,36081044302
12617,36,11373,36081045700
12618,36,11373,36081045900
12619,36,11373,36081046100
12620,36,11373,36081046300
12621,36,11373,36081046500
12622,36,11373,36081046700
12623,36,11373,36081046900
12624,36,11373,36081047100
12625,36,11373,36081047300
12626,36,11373,36081047500
12627,36,11373,36081047900
12628,36,11373,36081048100
12629,36,11373,36081048300
12630,36,11373,36081048500
12631,36,11373,36081048900
12632,36,11373,36081049900
12633,36,11373,36081050500
12634,36,11373,36081050700
12635,36,11373,36081068300
12636,36,11373,36081068700
12637,36,11374,36081050500
12638,36,11374,36081063700
12639,36,11374,36081067900
12640,36,11374,36081068700
12641,36,11374,36081069300
12642,36,11374,36081069500
12643,36,11374,36081069701
12644,36,11374,36081069702
12645,36,11374,36081070300
12646,36,11374,36081071100
12647,36,11374,36081071304
12648,36,11374,36081071306
12649,36,11374,36081071701
12650,36,11374,36081071702
12651,36,11374,36081071900
12652,36,11374,36081072100
12653,36,11375,36081038302
12654,36,11375,36081043701
12655,36,11375,36081064500
12656,36,11375,36081070700
12657,36,11375,36081070900
12658,36,11375,36081071100
12659,36,11375,36081071303
12660,36,11375,36081071304
12661,36,11375,36081071305
12662,36,11375,36081071306
12663,36,11375,36081071900
12664,36,11375,36081072100
12665,36,11375,36081072300
12666,36,11375,36081072900
12667,36,11375,36081073100
12668,36,11375,36081073700
12669,36,11375,36081073900
12670,36,11375,36081074100
12671,36,11375,36081074300
12672,36,11375,36081074500
12673,36,11375,36081074700
12674,36,11375,36081074900
12675,36,11375,36081075701
12676,36,11375,36081075702
12677,36,11375,36081076901
12678,36,11375,36081076902
12679,36,11377,36081014100
12680,36,11377,36081016300
12681,36,11377,36081016900
12682,36,11377,36081018300
12683,36,11377,36081018501
12684,36,11377,36081018502
12685,36,11377,36081018700
12686,36,11377,36081020500
12687,36,11377,36081022900
12688,36,11377,36081023500
12689,36,11377,36081024300
12690,36,11377,36081024500
12691,36,11377,36081024700
12692,36,11377,36081024900
12693,36,11377,36081025100
12694,36,11377,36081025301
12695,36,11377,36081025302
12696,36,11377,36081025500
12697,36,11377,36081025700
12698,36,11377,36081025900
12699,36,11377,36081026100
12700,36,11377,36081026300
12701,36,11377,36081026500
12702,36,11377,36081029100
12703,36,11377,36081029300
12704,36,11377,36081029500
12705,36,11377,36081029700
12706,36,11377,36081029900
12707,36,11377,36081030902
12708,36,11377,36081048300
12709,36,11377,36081048500
12710,36,11377,36081048900
12711,36,11377,36081049301
12712,36,11377,36081051300
12713,36,11377,36081051500
12714,36,11378,36081019900
12715,36,11378,36081020500
12716,36,11378,36081021900
12717,36,11378,36081022900
12718,36,11378,36081049301
12719,36,11378,36081049302
12720,36,11378,36081049500
12721,36,11378,36081049700
12722,36,11378,36081051100
12723,36,11378,36081051300
12724,36,11378,36081051500
12725,36,11378,36081051700
12726,36,11378,36081052100
12727,36,11378,36081052500
12728,36,11378,36081053100
12729,36,11378,36081053500
12730,36,11378,36081059500
12731,36,11378,36081059900
12732,36,11378,36081060100
12733,36,11378,36081060701
12734,36,11378,36081066701
12735,36,11378,36081066900
12736,36,11379,36081050500
12737,36,11379,36081050700
12738,36,11379,36081060100
12739,36,11379,36081060300
12740,36,11379,36081060701
12741,36,11379,36081061301
12742,36,11379,36081061302
12743,36,11379,36081061900
12744,36,11379,36081062100
12745,36,11379,36081065501
12746,36,11379,36081065702
12747,36,11379,36081065703
12748,36,11379,36081065900
12749,36,11379,36081066100
12750,36,11379,36081066300
12751,36,11379,36081066501
12752,36,11379,36081066701
12753,36,11379,36081066900
12754,36,11379,36081067100
12755,36,11379,36081067700
12756,36,11379,36081067900
12757,36,11385,36081053500
12758,36,11385,36081053900
12759,36,11385,36081054500
12760,36,11385,36081054700
12761,36,11385,36081054900
12762,36,11385,36081055100
12763,36,11385,36081055300
12764,36,11385,36081055500
12765,36,11385,36081055700
12766,36,11385,36081055900
12767,36,11385,36081056100
12768,36,11385,36081056500
12769,36,11385,36081056700
12770,36,11385,36081057700
12771,36,11385,36081057900
12772,36,11385,36081058100
12773,36,11385,36081058300
12774,36,11385,36081058500
12775,36,11385,36081058700
12776,36,11385,36081058900
12777,36,11385,36081059100
12778,36,11385,36081059300
12779,36,11385,36081059500
12780,36,11385,36081060300
12781,36,11385,36081061301
12782,36,11385,36081062100
12783,36,11385,36081062300
12784,36,11385,36081062500
12785,36,11385,36081062700
12786,36,11385,36081062900
12787,36,11385,36081063301
12788,36,11385,36081063302
12789,36,11385,36081063500
12790,36,11385,36081063700
12791,36,11385,36081063900
12792,36,11411,36081038400
12793,36,11411,36081051600
12794,36,11411,36081053401
12795,36,11411,36081059000
12796,36,11411,36081059200
12797,36,11411,36081059400
12798,36,11411,36081059600
12799,36,11411,36081059800
12800,36,11411,36081060000
12801,36,11411,36081060600
12802,36,11411,36081060800
12803,36,11411,36081061000
12804,36,11411,36081061200
12805,36,11411,36081061400
12806,36,11411,36081062200
12807,36,11412,36081036600
12808,36,11412,36081037600
12809,36,11412,36081038400
12810,36,11412,36081039400
12811,36,11412,36081039800
12812,36,11412,36081040000
12813,36,11412,36081040200
12814,36,11412,36081040400
12815,36,11412,36081042400
12816,36,11412,36081044400
12817,36,11412,36081050400
12818,36,11412,36081050600
12819,36,11412,36081050800
12820,36,11412,36081051000
12821,36,11412,36081051800
12822,36,11412,36081052000
12823,36,11412,36081052200
12824,36,11412,36081052400
12825,36,11412,36081052600
12826,36,11412,36081052800
12827,36,11412,36081053000
12828,36,11412,36081053200
12829,36,11413,36081032000
12830,36,11413,36081032800
12831,36,11413,36081033000
12832,36,11413,36081035200
12833,36,11413,36081035800
12834,36,11413,36081036600
12835,36,11413,36081037600
12836,36,11413,36081061601
12837,36,11413,36081061800
12838,36,11413,36081062000
12839,36,11413,36081062400
12840,36,11413,36081062600
12841,36,11413,36081063000
12842,36,11413,36081063200
12843,36,11413,36081064600
12844,36,11413,36081065000
12845,36,11413,36081065400
12846,36,11413,36081066400
12847,36,11413,36081068000
12848,36,11413,36081068200
12849,36,11413,36081069000
12850,36,11413,36081069400
12851,36,11414,36081006201
12852,36,11414,36081006202
12853,36,11414,36081088400
12854,36,11414,36081089200
12855,36,11415,36081013200
12856,36,11415,36081013400
12857,36,11415,36081013600
12858,36,11415,36081013800
12859,36,11415,36081014000
12860,36,11415,36081021600
12861,36,11415,36081077300
12862,36,11415,36081077500
12863,36,11416,36081003200
12864,36,11416,36081003400
12865,36,11416,36081003600
12866,36,11416,36081003800
12867,36,11416,36081004001
12868,36,11416,36081004200
12869,36,11416,36081004401
12870,36,11416,36081005200
12871,36,11416,36081005400
12872,36,11416,36081011000
12873,36,11416,36081011200
12874,36,11416,36081011400
12875,36,11416,36081011600
12876,36,11417,36081004002
12877,36,11417,36081004401
12878,36,11417,36081005000
12879,36,11417,36081005200
12880,36,11417,36081005400
12881,36,11417,36081005800
12882,36,11417,36081008600
12883,36,11417,36081008800
12884,36,11417,36081009400
12885,36,11417,36081009600
12886,36,11417,36081009800
12887,36,11417,36081011200
12888,36,11417,36081086400
12889,36,11418,36081002400
12890,36,11418,36081002600
12891,36,11418,36081002800
12892,36,11418,36081012200
12893,36,11418,36081012400
12894,36,11418,36081012601
12895,36,11418,36081012602
12896,36,11418,36081012800
12897,36,11418,36081013000
12898,36,11418,36081013200
12899,36,11418,36081013400
12900,36,11418,36081013800
12901,36,11418,36081014000
12902,36,11418,36081014201
12903,36,11418,36081014202
12904,36,11418,36081014400
12905,36,11418,36081021600
12906,36,11418,36081064102
12907,36,11418,36081077300
12908,36,11418,36081077500
12909,36,11419,36081009600
12910,36,11419,36081009800
12911,36,11419,36081010000
12912,36,11419,36081010400
12913,36,11419,36081010600
12914,36,11419,36081010800
12915,36,11419,36081011000
12916,36,11419,36081011800
12917,36,11419,36081012000
12918,36,11419,36081014202
12919,36,11419,36081014800
12920,36,11419,36081015000
12921,36,11419,36081015200
12922,36,11419,36081015400
12923,36,11419,36081015600
12924,36,11419,36081015801
12925,36,11419,36081015802
12926,36,11419,36081016400
12927,36,11419,36081016600
12928,36,11420,36081009600
12929,36,11420,36081010000
12930,36,11420,36081010200
12931,36,11420,36081010400
12932,36,11420,36081010600
12933,36,11420,36081016600
12934,36,11420,36081016800
12935,36,11420,36081017000
12936,36,11420,36081017200
12937,36,11420,36081017400
12938,36,11420,36081017600
12939,36,11420,36081017800
12940,36,11420,36081018000
12941,36,11420,36081081400
12942,36,11420,36081081800
12943,36,11420,36081083800
12944,36,11420,36081084000
12945,36,11420,36081084601
12946,36,11420,36081084602
12947,36,11420,36081086400
12948,36,11421,36081000200
12949,36,11421,36081000400
12950,36,11421,36081000600
12951,36,11421,36081000800
12952,36,11421,36081001000
12953,36,11421,36081001200
12954,36,11421,36081001400
12955,36,11421,36081001600
12956,36,11421,36081001800
12957,36,11421,36081002000
12958,36,11421,36081002200
12959,36,11421,36081002400
12960,36,11421,36081002800
12961,36,11421,36081003000
12962,36,11421,36081064101
12963,36,11421,36081064102
12964,36,11422,36081061601
12965,36,11422,36081061602
12966,36,11422,36081061800
12967,36,11422,36081063200
12968,36,11422,36081063800
12969,36,11422,36081064600
12970,36,11422,36081065000
12971,36,11422,36081065400
12972,36,11422,36081065600
12973,36,11422,36081066000
12974,36,11422,36081066400
12975,36,11422,36081069400
12976,36,11423,36081040400
12977,36,11423,36081044400
12978,36,11423,36081046800
12979,36,11423,36081047000
12980,36,11423,36081047200
12981,36,11423,36081047600
12982,36,11423,36081047800
12983,36,11423,36081048000
12984,36,11423,36081048200
12985,36,11423,36081048400
12986,36,11423,36081050000
12987,36,11423,36081050201
12988,36,11423,36081050202
12989,36,11423,36081051000
12990,36,11423,36081127700
12993,36,11426,36081056400
12994,36,11426,36081155102
12995,36,11426,36081156700
12996,36,11426,36081157101
12997,36,11426,36081157102
12998,36,11426,36081161700
12999,36,11426,36081162100
13000,36,11427,36081047800
13001,36,11427,36081048400
13002,36,11427,36081049200
13003,36,11427,36081054800
13004,36,11427,36081055200
13005,36,11427,36081055400
13006,36,11427,36081055600
13007,36,11427,36081129102
13008,36,11427,36081130100
13009,36,11427,36081156700
13010,36,11427,36081162100
13011,36,11428,36081048400
13012,36,11428,36081049600
13013,36,11428,36081051200
13014,36,11428,36081054000
13015,36,11428,36081054200
13016,36,11428,36081055400
13017,36,11428,36081055600
13018,36,11428,36081055800
13019,36,11428,36081056000
13020,36,11428,36081056200
13021,36,11428,36081056400
13022,36,11428,36081056600
13023,36,11428,36081056800
13024,36,11428,36081162100
13025,36,11429,36081051000
13026,36,11429,36081051200
13027,36,11429,36081051600
13028,36,11429,36081053401
13029,36,11429,36081053601
13030,36,11429,36081053800
13031,36,11429,36081054000
13032,36,11429,36081056800
13033,36,11429,36081058000
13034,36,11429,36081058200
13035,36,11429,36081059000
13036,36,11429,36081059200
13039,36,11432,36081023000
13040,36,11432,36081023600
13041,36,11432,36081024000
13042,36,11432,36081044400
13043,36,11432,36081044601
13044,36,11432,36081044602
13045,36,11432,36081044800
13046,36,11432,36081045000
13047,36,11432,36081045200
13048,36,11432,36081045400
13049,36,11432,36081045600
13050,36,11432,36081045800
13051,36,11432,36081046000
13052,36,11432,36081046200
13053,36,11432,36081046400
13054,36,11432,36081046600
13055,36,11432,36081046800
13056,36,11432,36081047200
13057,36,11432,36081077905
13058,36,11432,36081126500
13059,36,11432,36081126700
13060,36,11432,36081127700
13061,36,11433,36081020400
13062,36,11433,36081020800
13063,36,11433,36081024600
13064,36,11433,36081025400
13065,36,11433,36081025800
13066,36,11433,36081026000
13067,36,11433,36081026200
13068,36,11433,36081026400
13069,36,11433,36081026600
13070,36,11433,36081027000
13071,36,11433,36081041400
13072,36,11433,36081042400
13073,36,11433,36081043400
13074,36,11433,36081044000
13075,36,11433,36081044400
13076,36,11433,36081044601
13077,36,11434,36081018401
13078,36,11434,36081019000
13079,36,11434,36081026600
13080,36,11434,36081027000
13081,36,11434,36081027200
13082,36,11434,36081027400
13083,36,11434,36081027600
13084,36,11434,36081027800
13085,36,11434,36081028000
13086,36,11434,36081028200
13087,36,11434,36081028400
13088,36,11434,36081028800
13089,36,11434,36081029400
13090,36,11434,36081030600
13091,36,11434,36081032000
13092,36,11434,36081033000
13093,36,11434,36081033401
13094,36,11434,36081033402
13095,36,11434,36081035200
13096,36,11434,36081036600
13097,36,11434,36081036800
13098,36,11434,36081042400
13099,36,11434,36081042600
13100,36,11434,36081043200
13101,36,11435,36081019000
13102,36,11435,36081019200
13103,36,11435,36081019400
13104,36,11435,36081019600
13105,36,11435,36081019800
13106,36,11435,36081020200
13107,36,11435,36081020400
13108,36,11435,36081020600
13109,36,11435,36081020800
13110,36,11435,36081021200
13111,36,11435,36081021400
13112,36,11435,36081022001
13113,36,11435,36081022002
13114,36,11435,36081023000
13115,36,11435,36081023200
13116,36,11435,36081023800
13117,36,11435,36081024000
13118,36,11435,36081025400
13119,36,11435,36081026000
13120,36,11435,36081026200
13121,36,11435,36081027000
13122,36,11435,36081077905
13123,36,11436,36081018200
13124,36,11436,36081018401
13125,36,11436,36081018402
13126,36,11436,36081018600
13127,36,11436,36081018800
13128,36,11436,36081019000
13129,36,11436,36081019200
13130,36,11436,36081078800
13131,36,11436,36081079000
13132,36,11436,36081079200
13378,36,11691,36081097202
13379,36,11691,36081097203
13380,36,11691,36081097204
13381,36,11691,36081099200
13382,36,11691,36081099801
13383,36,11691,36081099802
13384,36,11691,36081100801
13385,36,11691,36081100802
13386,36,11691,36081101001
13387,36,11691,36081101002
13388,36,11691,36081103201
13389,36,11691,36081103202
13390,36,11692,36081094202
13391,36,11692,36081094203
13392,36,11692,36081095400
13393,36,11692,36081096400
13394,36,11692,36081097202
13395,36,11692,36081097203
13396,36,11692,36081097204
13397,36,11693,36081094201
13398,36,11693,36081094202
13399,36,11693,36081094203
13400,36,11693,36081107201
13401,36,11694,36081091800
13402,36,11694,36081092200
13403,36,11694,36081092800
13404,36,11694,36081093401
13405,36,11694,36081093402
13406,36,11694,36081093800
13407,36,11694,36081094201
13408,36,11697,36081091601
13409,36,11697,36081091602
13410,36,11697,36081091800
